"effective_date","event_id","after_version_id","before_version_id","article_number","article_title","change_type","comparison_source","comparison_source_korean"
"2027-12-31","evt-6b2503ca2de5ed562d72fdcdef0a201332f029306c679d12a24fecd92ac68582","281865","288579","59의3","제59조의3(판결서등의 열람ㆍ복사)","MODIFIED","STRUCTURED_SNAPSHOT_DIFF","공식 구조화 원문 자동 비교"
"2027-08-05","evt-9ee405a05ad38f4264412b53733b45fc46f5aebb1cc98a83fcc5f9f67ce0a77a","288579","288579","220의2","제220조의2(압수ㆍ수색ㆍ검증의 영상녹화)","ADDED","STRUCTURED_SNAPSHOT_DIFF","공식 구조화 원문 자동 비교"
"2027-08-05","evt-9ee405a05ad38f4264412b53733b45fc46f5aebb1cc98a83fcc5f9f67ce0a77a","288579","288579","244의6","제244조의6(피의자신문 등의 녹음)","ADDED","STRUCTURED_SNAPSHOT_DIFF","공식 구조화 원문 자동 비교"
"2027-02-05","evt-55e4c38a92b1f74f5a3b25d1eff54872bc32a03416a2b9b77611dc56f60a65ba","288579","288579","197의4","제197조의4(수사의 경합)","MODIFIED","STRUCTURED_SNAPSHOT_DIFF","공식 구조화 원문 자동 비교"
"2027-02-05","evt-55e4c38a92b1f74f5a3b25d1eff54872bc32a03416a2b9b77611dc56f60a65ba","288579","288579","260","제260조(재정신청)","MODIFIED","STRUCTURED_SNAPSHOT_DIFF","공식 구조화 원문 자동 비교"
"2027-02-05","evt-55e4c38a92b1f74f5a3b25d1eff54872bc32a03416a2b9b77611dc56f60a65ba","288579","288579","261","제261조(지방공소청장 등의 처리)","MODIFIED","STRUCTURED_SNAPSHOT_DIFF","공식 구조화 원문 자동 비교"
"2026-10-02","evt-014fc0c274f4110b3d823d51b98f1d6618b6a36f1e2cf460cf6cdb8b3c0a73c8","290189","281865","59의2","제59조의2(재판확정기록의 열람ㆍ등사)","MODIFIED","STRUCTURED_SNAPSHOT_DIFF","공식 구조화 원문 자동 비교"
"2026-10-02","evt-014fc0c274f4110b3d823d51b98f1d6618b6a36f1e2cf460cf6cdb8b3c0a73c8","290189","281865","62","제62조(검사에 대한 송달)","MODIFIED","STRUCTURED_SNAPSHOT_DIFF","공식 구조화 원문 자동 비교"
"2026-10-02","evt-014fc0c274f4110b3d823d51b98f1d6618b6a36f1e2cf460cf6cdb8b3c0a73c8","290189","281865","67","제67조(법정기간의 연장)","MODIFIED","STRUCTURED_SNAPSHOT_DIFF","공식 구조화 원문 자동 비교"
"2026-10-02","evt-014fc0c274f4110b3d823d51b98f1d6618b6a36f1e2cf460cf6cdb8b3c0a73c8","290189","281865","71의2","제71조의2(구인 후의 유치)","MODIFIED","STRUCTURED_SNAPSHOT_DIFF","공식 구조화 원문 자동 비교"
"2026-10-02","evt-014fc0c274f4110b3d823d51b98f1d6618b6a36f1e2cf460cf6cdb8b3c0a73c8","290189","281865","81","제81조(구속영장의 집행)","MODIFIED","STRUCTURED_SNAPSHOT_DIFF","공식 구조화 원문 자동 비교"
"2026-10-02","evt-014fc0c274f4110b3d823d51b98f1d6618b6a36f1e2cf460cf6cdb8b3c0a73c8","290189","281865","83","제83조(관할구역 외에서의 구속영장의 집행과 그 촉탁)","MODIFIED","STRUCTURED_SNAPSHOT_DIFF","공식 구조화 원문 자동 비교"
"2026-10-02","evt-014fc0c274f4110b3d823d51b98f1d6618b6a36f1e2cf460cf6cdb8b3c0a73c8","290189","281865","84","제84조(광역공소청장 또는 지방공소청장에 대한 구속영장 집행의 촉탁)","MODIFIED","STRUCTURED_SNAPSHOT_DIFF","공식 구조화 원문 자동 비교"
"2026-10-02","evt-014fc0c274f4110b3d823d51b98f1d6618b6a36f1e2cf460cf6cdb8b3c0a73c8","290189","281865","115","제115조(영장의 집행)","MODIFIED","STRUCTURED_SNAPSHOT_DIFF","공식 구조화 원문 자동 비교"
"2026-10-02","evt-014fc0c274f4110b3d823d51b98f1d6618b6a36f1e2cf460cf6cdb8b3c0a73c8","290189","281865","137","제137조(구속영장 집행과 수색)","MODIFIED","STRUCTURED_SNAPSHOT_DIFF","공식 구조화 원문 자동 비교"
"2026-10-02","evt-014fc0c274f4110b3d823d51b98f1d6618b6a36f1e2cf460cf6cdb8b3c0a73c8","290189","281865","138","제138조(준용규정)","MODIFIED","STRUCTURED_SNAPSHOT_DIFF","공식 구조화 원문 자동 비교"
"2026-10-02","evt-014fc0c274f4110b3d823d51b98f1d6618b6a36f1e2cf460cf6cdb8b3c0a73c8","290189","281865","151","제151조(증인이 출석하지 아니한 경우의 과태료 등)","MODIFIED","STRUCTURED_SNAPSHOT_DIFF","공식 구조화 원문 자동 비교"
"2026-10-02","evt-014fc0c274f4110b3d823d51b98f1d6618b6a36f1e2cf460cf6cdb8b3c0a73c8","290189","281865","195","제195조(검사와 사법경찰관의 관계 등)","MODIFIED","STRUCTURED_SNAPSHOT_DIFF","공식 구조화 원문 자동 비교"
"2026-10-02","evt-014fc0c274f4110b3d823d51b98f1d6618b6a36f1e2cf460cf6cdb8b3c0a73c8","290189","281865","196","제196조","MODIFIED","STRUCTURED_SNAPSHOT_DIFF","공식 구조화 원문 자동 비교"
"2026-10-02","evt-014fc0c274f4110b3d823d51b98f1d6618b6a36f1e2cf460cf6cdb8b3c0a73c8","290189","281865","197","제197조(사법경찰관리)","MODIFIED","STRUCTURED_SNAPSHOT_DIFF","공식 구조화 원문 자동 비교"
"2026-10-02","evt-014fc0c274f4110b3d823d51b98f1d6618b6a36f1e2cf460cf6cdb8b3c0a73c8","290189","281865","197의2","제197조의2(보완수사요구)","MODIFIED","STRUCTURED_SNAPSHOT_DIFF","공식 구조화 원문 자동 비교"
"2026-10-02","evt-014fc0c274f4110b3d823d51b98f1d6618b6a36f1e2cf460cf6cdb8b3c0a73c8","290189","281865","197의3","제197조의3(시정조치요구 등)","MODIFIED","STRUCTURED_SNAPSHOT_DIFF","공식 구조화 원문 자동 비교"
"2026-10-02","evt-014fc0c274f4110b3d823d51b98f1d6618b6a36f1e2cf460cf6cdb8b3c0a73c8","290189","281865","197의5","제197조의5(수사기관 소속 공무원에 대한 수사 통보)","ADDED","STRUCTURED_SNAPSHOT_DIFF","공식 구조화 원문 자동 비교"
"2026-10-02","evt-014fc0c274f4110b3d823d51b98f1d6618b6a36f1e2cf460cf6cdb8b3c0a73c8","290189","281865","198","제198조(준수사항)","MODIFIED","STRUCTURED_SNAPSHOT_DIFF","공식 구조화 원문 자동 비교"
"2026-10-02","evt-014fc0c274f4110b3d823d51b98f1d6618b6a36f1e2cf460cf6cdb8b3c0a73c8","290189","281865","198의2","제198조의2(검사의 체포ㆍ구속 장소 점검)","MODIFIED","STRUCTURED_SNAPSHOT_DIFF","공식 구조화 원문 자동 비교"
"2026-10-02","evt-014fc0c274f4110b3d823d51b98f1d6618b6a36f1e2cf460cf6cdb8b3c0a73c8","290189","281865","199의2","제199조의2(수사 및 공소 업무에 대한 전자적 관리)","ADDED","STRUCTURED_SNAPSHOT_DIFF","공식 구조화 원문 자동 비교"
"2026-10-02","evt-014fc0c274f4110b3d823d51b98f1d6618b6a36f1e2cf460cf6cdb8b3c0a73c8","290189","281865","200","제200조(피의자의 출석요구)","MODIFIED","STRUCTURED_SNAPSHOT_DIFF","공식 구조화 원문 자동 비교"
"2026-10-02","evt-014fc0c274f4110b3d823d51b98f1d6618b6a36f1e2cf460cf6cdb8b3c0a73c8","290189","281865","200의2","제200조의2(영장에 의한 체포)","MODIFIED","STRUCTURED_SNAPSHOT_DIFF","공식 구조화 원문 자동 비교"
"2026-10-02","evt-014fc0c274f4110b3d823d51b98f1d6618b6a36f1e2cf460cf6cdb8b3c0a73c8","290189","281865","200의3","제200조의3(긴급체포)","MODIFIED","STRUCTURED_SNAPSHOT_DIFF","공식 구조화 원문 자동 비교"
"2026-10-02","evt-014fc0c274f4110b3d823d51b98f1d6618b6a36f1e2cf460cf6cdb8b3c0a73c8","290189","281865","200의4","제200조의4(긴급체포와 영장청구기간)","MODIFIED","STRUCTURED_SNAPSHOT_DIFF","공식 구조화 원문 자동 비교"
"2026-10-02","evt-014fc0c274f4110b3d823d51b98f1d6618b6a36f1e2cf460cf6cdb8b3c0a73c8","290189","281865","200의5","제200조의5(체포와 피의사실 등의 고지)","MODIFIED","STRUCTURED_SNAPSHOT_DIFF","공식 구조화 원문 자동 비교"
"2026-10-02","evt-014fc0c274f4110b3d823d51b98f1d6618b6a36f1e2cf460cf6cdb8b3c0a73c8","290189","281865","200의6","제200조의6(준용규정)","MODIFIED","STRUCTURED_SNAPSHOT_DIFF","공식 구조화 원문 자동 비교"
"2026-10-02","evt-014fc0c274f4110b3d823d51b98f1d6618b6a36f1e2cf460cf6cdb8b3c0a73c8","290189","281865","201","제201조(구속)","MODIFIED","STRUCTURED_SNAPSHOT_DIFF","공식 구조화 원문 자동 비교"
"2026-10-02","evt-014fc0c274f4110b3d823d51b98f1d6618b6a36f1e2cf460cf6cdb8b3c0a73c8","290189","281865","201의2","제201조의2(구속영장 청구와 피의자 심문)","MODIFIED","STRUCTURED_SNAPSHOT_DIFF","공식 구조화 원문 자동 비교"
"2026-10-02","evt-014fc0c274f4110b3d823d51b98f1d6618b6a36f1e2cf460cf6cdb8b3c0a73c8","290189","281865","203","제203조(검사의 구속기간)","MODIFIED","STRUCTURED_SNAPSHOT_DIFF","공식 구조화 원문 자동 비교"
"2026-10-02","evt-014fc0c274f4110b3d823d51b98f1d6618b6a36f1e2cf460cf6cdb8b3c0a73c8","290189","281865","203의2","제203조의2(구속기간에의 산입)","MODIFIED","STRUCTURED_SNAPSHOT_DIFF","공식 구조화 원문 자동 비교"
"2026-10-02","evt-014fc0c274f4110b3d823d51b98f1d6618b6a36f1e2cf460cf6cdb8b3c0a73c8","290189","281865","205","제205조(구속기간의 연장)","MODIFIED","STRUCTURED_SNAPSHOT_DIFF","공식 구조화 원문 자동 비교"
"2026-10-02","evt-014fc0c274f4110b3d823d51b98f1d6618b6a36f1e2cf460cf6cdb8b3c0a73c8","290189","281865","208","제208조(재구속의 제한)","MODIFIED","STRUCTURED_SNAPSHOT_DIFF","공식 구조화 원문 자동 비교"
"2026-10-02","evt-014fc0c274f4110b3d823d51b98f1d6618b6a36f1e2cf460cf6cdb8b3c0a73c8","290189","281865","209","제209조(준용규정)","MODIFIED","STRUCTURED_SNAPSHOT_DIFF","공식 구조화 원문 자동 비교"
"2026-10-02","evt-014fc0c274f4110b3d823d51b98f1d6618b6a36f1e2cf460cf6cdb8b3c0a73c8","290189","281865","210","제210조","MODIFIED","STRUCTURED_SNAPSHOT_DIFF","공식 구조화 원문 자동 비교"
"2026-10-02","evt-014fc0c274f4110b3d823d51b98f1d6618b6a36f1e2cf460cf6cdb8b3c0a73c8","290189","281865","213","제213조(체포된 현행범인의 인도)","MODIFIED","STRUCTURED_SNAPSHOT_DIFF","공식 구조화 원문 자동 비교"
"2026-10-02","evt-014fc0c274f4110b3d823d51b98f1d6618b6a36f1e2cf460cf6cdb8b3c0a73c8","290189","281865","213의2","제213조의2(준용규정)","MODIFIED","STRUCTURED_SNAPSHOT_DIFF","공식 구조화 원문 자동 비교"
"2026-10-02","evt-014fc0c274f4110b3d823d51b98f1d6618b6a36f1e2cf460cf6cdb8b3c0a73c8","290189","281865","214의2","제214조의2(체포와 구속의 적부심사)","MODIFIED","STRUCTURED_SNAPSHOT_DIFF","공식 구조화 원문 자동 비교"
"2026-10-02","evt-014fc0c274f4110b3d823d51b98f1d6618b6a36f1e2cf460cf6cdb8b3c0a73c8","290189","281865","215","제215조(압수, 수색, 검증)","MODIFIED","STRUCTURED_SNAPSHOT_DIFF","공식 구조화 원문 자동 비교"
"2026-10-02","evt-014fc0c274f4110b3d823d51b98f1d6618b6a36f1e2cf460cf6cdb8b3c0a73c8","290189","281865","215의2","제215조의2(정보통신서비스 제공자에 대한 보전요청 등)","MODIFIED","STRUCTURED_SNAPSHOT_DIFF","공식 구조화 원문 자동 비교"
"2026-10-02","evt-014fc0c274f4110b3d823d51b98f1d6618b6a36f1e2cf460cf6cdb8b3c0a73c8","290189","281865","216","제216조(영장에 의하지 아니한 강제처분)","MODIFIED","STRUCTURED_SNAPSHOT_DIFF","공식 구조화 원문 자동 비교"
"2026-10-02","evt-014fc0c274f4110b3d823d51b98f1d6618b6a36f1e2cf460cf6cdb8b3c0a73c8","290189","281865","217","제217조(영장에 의하지 아니하는 강제처분)","MODIFIED","STRUCTURED_SNAPSHOT_DIFF","공식 구조화 원문 자동 비교"
"2026-10-02","evt-014fc0c274f4110b3d823d51b98f1d6618b6a36f1e2cf460cf6cdb8b3c0a73c8","290189","281865","218","제218조(영장에 의하지 아니한 압수)","MODIFIED","STRUCTURED_SNAPSHOT_DIFF","공식 구조화 원문 자동 비교"
"2026-10-02","evt-014fc0c274f4110b3d823d51b98f1d6618b6a36f1e2cf460cf6cdb8b3c0a73c8","290189","281865","218의2","제218조의2(압수물의 환부, 가환부)","MODIFIED","STRUCTURED_SNAPSHOT_DIFF","공식 구조화 원문 자동 비교"
"2026-10-02","evt-014fc0c274f4110b3d823d51b98f1d6618b6a36f1e2cf460cf6cdb8b3c0a73c8","290189","281865","219","제219조(준용규정)","MODIFIED","STRUCTURED_SNAPSHOT_DIFF","공식 구조화 원문 자동 비교"
"2026-10-02","evt-014fc0c274f4110b3d823d51b98f1d6618b6a36f1e2cf460cf6cdb8b3c0a73c8","290189","281865","221","제221조(제3자의 출석요구 등)","MODIFIED","STRUCTURED_SNAPSHOT_DIFF","공식 구조화 원문 자동 비교"
"2026-10-02","evt-014fc0c274f4110b3d823d51b98f1d6618b6a36f1e2cf460cf6cdb8b3c0a73c8","290189","281865","221의2","제221조의2(증인신문의 청구)","MODIFIED","STRUCTURED_SNAPSHOT_DIFF","공식 구조화 원문 자동 비교"
"2026-10-02","evt-014fc0c274f4110b3d823d51b98f1d6618b6a36f1e2cf460cf6cdb8b3c0a73c8","290189","281865","221의3","제221조의3(감정의 위촉과 감정유치의 청구)","MODIFIED","STRUCTURED_SNAPSHOT_DIFF","공식 구조화 원문 자동 비교"
"2026-10-02","evt-014fc0c274f4110b3d823d51b98f1d6618b6a36f1e2cf460cf6cdb8b3c0a73c8","290189","281865","221의4","제221조의4(감정에 필요한 처분, 허가장)","MODIFIED","STRUCTURED_SNAPSHOT_DIFF","공식 구조화 원문 자동 비교"
"2026-10-02","evt-014fc0c274f4110b3d823d51b98f1d6618b6a36f1e2cf460cf6cdb8b3c0a73c8","290189","281865","221의5","제221조의5(사법경찰관이 신청한 영장의 청구 여부에 대한 심의)","MODIFIED","STRUCTURED_SNAPSHOT_DIFF","공식 구조화 원문 자동 비교"
"2026-10-02","evt-014fc0c274f4110b3d823d51b98f1d6618b6a36f1e2cf460cf6cdb8b3c0a73c8","290189","281865","222","제222조(변사자의 검시)","MODIFIED","STRUCTURED_SNAPSHOT_DIFF","공식 구조화 원문 자동 비교"
"2026-10-02","evt-014fc0c274f4110b3d823d51b98f1d6618b6a36f1e2cf460cf6cdb8b3c0a73c8","290189","281865","237","제237조(고소, 고발의 방식)","MODIFIED","STRUCTURED_SNAPSHOT_DIFF","공식 구조화 원문 자동 비교"
"2026-10-02","evt-014fc0c274f4110b3d823d51b98f1d6618b6a36f1e2cf460cf6cdb8b3c0a73c8","290189","281865","238","제238조(고소 등에 의한 사건의 수사)","MODIFIED","STRUCTURED_SNAPSHOT_DIFF","공식 구조화 원문 자동 비교"
"2026-10-02","evt-014fc0c274f4110b3d823d51b98f1d6618b6a36f1e2cf460cf6cdb8b3c0a73c8","290189","281865","239","제239조(준용규정)","MODIFIED","STRUCTURED_SNAPSHOT_DIFF","공식 구조화 원문 자동 비교"
"2026-10-02","evt-014fc0c274f4110b3d823d51b98f1d6618b6a36f1e2cf460cf6cdb8b3c0a73c8","290189","281865","240","제240조(자수와 준용규정)","MODIFIED","STRUCTURED_SNAPSHOT_DIFF","공식 구조화 원문 자동 비교"
"2026-10-02","evt-014fc0c274f4110b3d823d51b98f1d6618b6a36f1e2cf460cf6cdb8b3c0a73c8","290189","281865","241","제241조(피의자신문)","MODIFIED","STRUCTURED_SNAPSHOT_DIFF","공식 구조화 원문 자동 비교"
"2026-10-02","evt-014fc0c274f4110b3d823d51b98f1d6618b6a36f1e2cf460cf6cdb8b3c0a73c8","290189","281865","242","제242조(피의자신문사항)","MODIFIED","STRUCTURED_SNAPSHOT_DIFF","공식 구조화 원문 자동 비교"
"2026-10-02","evt-014fc0c274f4110b3d823d51b98f1d6618b6a36f1e2cf460cf6cdb8b3c0a73c8","290189","281865","243","제243조(피의자신문과 참여자)","MODIFIED","STRUCTURED_SNAPSHOT_DIFF","공식 구조화 원문 자동 비교"
"2026-10-02","evt-014fc0c274f4110b3d823d51b98f1d6618b6a36f1e2cf460cf6cdb8b3c0a73c8","290189","281865","243의2","제243조의2(변호인의 참여 등)","MODIFIED","STRUCTURED_SNAPSHOT_DIFF","공식 구조화 원문 자동 비교"
"2026-10-02","evt-014fc0c274f4110b3d823d51b98f1d6618b6a36f1e2cf460cf6cdb8b3c0a73c8","290189","281865","244의3","제244조의3(진술거부권 등의 고지)","MODIFIED","STRUCTURED_SNAPSHOT_DIFF","공식 구조화 원문 자동 비교"
"2026-10-02","evt-014fc0c274f4110b3d823d51b98f1d6618b6a36f1e2cf460cf6cdb8b3c0a73c8","290189","281865","244의4","제244조의4(수사과정의 기록)","MODIFIED","STRUCTURED_SNAPSHOT_DIFF","공식 구조화 원문 자동 비교"
"2026-10-02","evt-014fc0c274f4110b3d823d51b98f1d6618b6a36f1e2cf460cf6cdb8b3c0a73c8","290189","281865","244의5","제244조의5(장애인 등 특별히 보호를 요하는 자에 대한 특칙)","MODIFIED","STRUCTURED_SNAPSHOT_DIFF","공식 구조화 원문 자동 비교"
"2026-10-02","evt-014fc0c274f4110b3d823d51b98f1d6618b6a36f1e2cf460cf6cdb8b3c0a73c8","290189","281865","245","제245조(참고인과의 대질)","MODIFIED","STRUCTURED_SNAPSHOT_DIFF","공식 구조화 원문 자동 비교"
"2026-10-02","evt-014fc0c274f4110b3d823d51b98f1d6618b6a36f1e2cf460cf6cdb8b3c0a73c8","290189","281865","245의2","제245조의2","MODIFIED","STRUCTURED_SNAPSHOT_DIFF","공식 구조화 원문 자동 비교"
"2026-10-02","evt-014fc0c274f4110b3d823d51b98f1d6618b6a36f1e2cf460cf6cdb8b3c0a73c8","290189","281865","245의3","제245조의3","MODIFIED","STRUCTURED_SNAPSHOT_DIFF","공식 구조화 원문 자동 비교"
"2026-10-02","evt-014fc0c274f4110b3d823d51b98f1d6618b6a36f1e2cf460cf6cdb8b3c0a73c8","290189","281865","245의4","제245조의4","MODIFIED","STRUCTURED_SNAPSHOT_DIFF","공식 구조화 원문 자동 비교"
"2026-10-02","evt-014fc0c274f4110b3d823d51b98f1d6618b6a36f1e2cf460cf6cdb8b3c0a73c8","290189","281865","245의5","제245조의5(사법경찰관의 사건송치 등)","MODIFIED","STRUCTURED_SNAPSHOT_DIFF","공식 구조화 원문 자동 비교"
"2026-10-02","evt-014fc0c274f4110b3d823d51b98f1d6618b6a36f1e2cf460cf6cdb8b3c0a73c8","290189","281865","245의6","제245조의6(고소인등에 대한 송부통지)","MODIFIED","STRUCTURED_SNAPSHOT_DIFF","공식 구조화 원문 자동 비교"
"2026-10-02","evt-014fc0c274f4110b3d823d51b98f1d6618b6a36f1e2cf460cf6cdb8b3c0a73c8","290189","281865","245의7","제245조의7(고소인등의 이의신청)","MODIFIED","STRUCTURED_SNAPSHOT_DIFF","공식 구조화 원문 자동 비교"
"2026-10-02","evt-014fc0c274f4110b3d823d51b98f1d6618b6a36f1e2cf460cf6cdb8b3c0a73c8","290189","281865","245의8","제245조의8(재수사요구)","MODIFIED","STRUCTURED_SNAPSHOT_DIFF","공식 구조화 원문 자동 비교"
"2026-10-02","evt-014fc0c274f4110b3d823d51b98f1d6618b6a36f1e2cf460cf6cdb8b3c0a73c8","290189","281865","245의9","제245조의9(검사의 수사요청 등)","MODIFIED","STRUCTURED_SNAPSHOT_DIFF","공식 구조화 원문 자동 비교"
"2026-10-02","evt-014fc0c274f4110b3d823d51b98f1d6618b6a36f1e2cf460cf6cdb8b3c0a73c8","290189","281865","245의10","제245조의10(특별사법경찰관리)","MODIFIED","STRUCTURED_SNAPSHOT_DIFF","공식 구조화 원문 자동 비교"
"2026-10-02","evt-014fc0c274f4110b3d823d51b98f1d6618b6a36f1e2cf460cf6cdb8b3c0a73c8","290189","281865","245의11","제245조의11(고소인등의 이의제기)","ADDED","STRUCTURED_SNAPSHOT_DIFF","공식 구조화 원문 자동 비교"
"2026-10-02","evt-014fc0c274f4110b3d823d51b98f1d6618b6a36f1e2cf460cf6cdb8b3c0a73c8","290189","281865","245의12","제245조의12(고소인등의 수사 관계 기록에 대한 열람ㆍ등사)","ADDED","STRUCTURED_SNAPSHOT_DIFF","공식 구조화 원문 자동 비교"
"2026-10-02","evt-014fc0c274f4110b3d823d51b98f1d6618b6a36f1e2cf460cf6cdb8b3c0a73c8","290189","281865","245의13","제245조의13(검사의 사실관계 확인 등)","ADDED","STRUCTURED_SNAPSHOT_DIFF","공식 구조화 원문 자동 비교"
"2026-10-02","evt-014fc0c274f4110b3d823d51b98f1d6618b6a36f1e2cf460cf6cdb8b3c0a73c8","290189","281865","246의2","제246조의2(검사의 객관의무)","ADDED","STRUCTURED_SNAPSHOT_DIFF","공식 구조화 원문 자동 비교"
"2026-10-02","evt-014fc0c274f4110b3d823d51b98f1d6618b6a36f1e2cf460cf6cdb8b3c0a73c8","290189","281865","256","제256조(타관송치)","MODIFIED","STRUCTURED_SNAPSHOT_DIFF","공식 구조화 원문 자동 비교"
"2026-10-02","evt-014fc0c274f4110b3d823d51b98f1d6618b6a36f1e2cf460cf6cdb8b3c0a73c8","290189","281865","257","제257조(고소 등에 의한 사건의 처리)","MODIFIED","STRUCTURED_SNAPSHOT_DIFF","공식 구조화 원문 자동 비교"
"2026-10-02","evt-014fc0c274f4110b3d823d51b98f1d6618b6a36f1e2cf460cf6cdb8b3c0a73c8","290189","281865","260","제260조(재정신청)","MODIFIED","STRUCTURED_SNAPSHOT_DIFF","공식 구조화 원문 자동 비교"
"2026-10-02","evt-014fc0c274f4110b3d823d51b98f1d6618b6a36f1e2cf460cf6cdb8b3c0a73c8","290189","281865","262","제262조(심리와 결정)","MODIFIED","STRUCTURED_SNAPSHOT_DIFF","공식 구조화 원문 자동 비교"
"2026-10-02","evt-014fc0c274f4110b3d823d51b98f1d6618b6a36f1e2cf460cf6cdb8b3c0a73c8","290189","281865","312","제312조(사법경찰관의 조서 등)","MODIFIED","STRUCTURED_SNAPSHOT_DIFF","공식 구조화 원문 자동 비교"
"2026-10-02","evt-014fc0c274f4110b3d823d51b98f1d6618b6a36f1e2cf460cf6cdb8b3c0a73c8","290189","281865","327","제327조(공소기각의 판결)","MODIFIED","STRUCTURED_SNAPSHOT_DIFF","공식 구조화 원문 자동 비교"
"2026-10-02","evt-014fc0c274f4110b3d823d51b98f1d6618b6a36f1e2cf460cf6cdb8b3c0a73c8","290189","281865","337","제337조(형의 소멸의 재판)","MODIFIED","STRUCTURED_SNAPSHOT_DIFF","공식 구조화 원문 자동 비교"
"2026-10-02","evt-014fc0c274f4110b3d823d51b98f1d6618b6a36f1e2cf460cf6cdb8b3c0a73c8","290189","281865","361의2","제361조의2(소송기록 접수와 통지)","MODIFIED","STRUCTURED_SNAPSHOT_DIFF","공식 구조화 원문 자동 비교"
"2026-10-02","evt-014fc0c274f4110b3d823d51b98f1d6618b6a36f1e2cf460cf6cdb8b3c0a73c8","290189","281865","417","제417조(준항고)","MODIFIED","STRUCTURED_SNAPSHOT_DIFF","공식 구조화 원문 자동 비교"
"2026-10-02","evt-014fc0c274f4110b3d823d51b98f1d6618b6a36f1e2cf460cf6cdb8b3c0a73c8","290189","281865","428","제428조(재심과 집행정지의 효력)","MODIFIED","STRUCTURED_SNAPSHOT_DIFF","공식 구조화 원문 자동 비교"
"2026-10-02","evt-014fc0c274f4110b3d823d51b98f1d6618b6a36f1e2cf460cf6cdb8b3c0a73c8","290189","281865","460","제460조(집행지휘)","MODIFIED","STRUCTURED_SNAPSHOT_DIFF","공식 구조화 원문 자동 비교"
"2026-10-02","evt-014fc0c274f4110b3d823d51b98f1d6618b6a36f1e2cf460cf6cdb8b3c0a73c8","290189","281865","467","제467조(사형집행의 참여)","MODIFIED","STRUCTURED_SNAPSHOT_DIFF","공식 구조화 원문 자동 비교"
"2026-10-02","evt-014fc0c274f4110b3d823d51b98f1d6618b6a36f1e2cf460cf6cdb8b3c0a73c8","290189","281865","468","제468조(사형집행조서)","MODIFIED","STRUCTURED_SNAPSHOT_DIFF","공식 구조화 원문 자동 비교"
"2026-10-02","evt-014fc0c274f4110b3d823d51b98f1d6618b6a36f1e2cf460cf6cdb8b3c0a73c8","290189","281865","470","제470조(자유형집행의 정지)","MODIFIED","STRUCTURED_SNAPSHOT_DIFF","공식 구조화 원문 자동 비교"
"2026-10-02","evt-014fc0c274f4110b3d823d51b98f1d6618b6a36f1e2cf460cf6cdb8b3c0a73c8","290189","281865","471","제471조(자유형집행의 정지)","MODIFIED","STRUCTURED_SNAPSHOT_DIFF","공식 구조화 원문 자동 비교"
"2026-10-02","evt-014fc0c274f4110b3d823d51b98f1d6618b6a36f1e2cf460cf6cdb8b3c0a73c8","290189","281865","471의2","제471조의2(형집행정지 심의위원회)","MODIFIED","STRUCTURED_SNAPSHOT_DIFF","공식 구조화 원문 자동 비교"
"2026-10-02","evt-014fc0c274f4110b3d823d51b98f1d6618b6a36f1e2cf460cf6cdb8b3c0a73c8","290189","281865","477","제477조(재산형 등의 집행)","MODIFIED","STRUCTURED_SNAPSHOT_DIFF","공식 구조화 원문 자동 비교"
"2026-10-02","evt-014fc0c274f4110b3d823d51b98f1d6618b6a36f1e2cf460cf6cdb8b3c0a73c8","290189","281865","494","제494조(형의 집행 등을 위한 공소청 직원의 직무 등)","ADDED","STRUCTURED_SNAPSHOT_DIFF","공식 구조화 원문 자동 비교"
"2026-07-01","evt-e01107422bda2d192f63e85c89510a533593e9294b57d913a33ea5dc4d0ec54c","281865","280441","215의2","제215조의2(정보통신서비스 제공자에 대한 보전요청 등)","ADDED","STRUCTURED_SNAPSHOT_DIFF","공식 구조화 원문 자동 비교"
"2026-06-24","evt-61453d54d288ea7f89de0ce2810dd52a8c792df3798fd24da9793a0741f898c9","280441","269945","185","제185조(서류의 열람 등)","MODIFIED","OFFICIAL_OLD_NEW","법제처 공식 신구법 비교"
"2026-06-24","evt-61453d54d288ea7f89de0ce2810dd52a8c792df3798fd24da9793a0741f898c9","280441","269945","294의5","제294조의5(피해자 등의 검사 보관 서류 등의 열람ㆍ등사)","MODIFIED","OFFICIAL_OLD_NEW","법제처 공식 신구법 비교"
"2025-09-19","evt-dbf2c478240f8573817de2991ef3b28f8d064a6170fe95c13d0c57720cdeddf9","269945","265773","294의4","제294조의4(피해자 등의 공판기록 열람ㆍ등사)","MODIFIED","OFFICIAL_OLD_NEW","법제처 공식 신구법 비교"
"2025-01-17","evt-ab0055dc7e5121ea90dd48be9d157174fe8f4f5bbb5e0dd2f6f4c734922ff47f","265773","260231","294의5","제294조의5(금전 공탁과 피해자 등의 의견 청취)","ADDED","STRUCTURED_SNAPSHOT_DIFF","공식 구조화 원문 자동 비교"
"2024-02-13","evt-da5a6deba2e9729ab4591794bc4e7247dfc50366d2880664a13d570b8ec8378d","260231","242053","253","제253조(시효의 정지와 효력)","MODIFIED","OFFICIAL_OLD_NEW","법제처 공식 신구법 비교"
"2022-09-10","evt-0f416a20dad5450aae3a42640beb622d9c110234c6208f4ab7147d2a85fd7e1e","242053","240029","196","제196조(검사의 수사)","MODIFIED","OFFICIAL_OLD_NEW","법제처 공식 신구법 비교"
"2022-09-10","evt-0f416a20dad5450aae3a42640beb622d9c110234c6208f4ab7147d2a85fd7e1e","242053","240029","198","제198조(준수사항)","MODIFIED","OFFICIAL_OLD_NEW","법제처 공식 신구법 비교"
"2022-09-10","evt-0f416a20dad5450aae3a42640beb622d9c110234c6208f4ab7147d2a85fd7e1e","242053","240029","245의7","제245조의7(고소인 등의 이의신청)","MODIFIED","OFFICIAL_OLD_NEW","법제처 공식 신구법 비교"
"2022-02-03","evt-cf060defcddeff0fa83795a9dc15aac2656e360f466c7a4da130c368761cd35a","240029","213829","85","제85조(구속영장집행의 절차)","MODIFIED","STRUCTURED_SNAPSHOT_DIFF","공식 구조화 원문 자동 비교"
"2022-02-03","evt-cf060defcddeff0fa83795a9dc15aac2656e360f466c7a4da130c368761cd35a","240029","213829","118","제118조(영장의 제시와 사본교부)","MODIFIED","STRUCTURED_SNAPSHOT_DIFF","공식 구조화 원문 자동 비교"
"2022-01-01","evt-4168427c86bbc6b9989dcd4c49aed92ad430259709de8dfe56399d93ff0e310a","213829","238045","312","제312조(검사 또는 사법경찰관의 조서 등)","MODIFIED","STRUCTURED_SNAPSHOT_DIFF","공식 구조화 원문 자동 비교"
"2021-12-09","evt-c6a9ac0fc4b6ed421860f7a36f2f9351eefc9401ed0c2948ffe99fc90b28628b","223447","234655","6","제6조(토지관할의 병합심리)","MODIFIED","STRUCTURED_SNAPSHOT_DIFF","공식 구조화 원문 자동 비교"
"2021-12-09","evt-c6a9ac0fc4b6ed421860f7a36f2f9351eefc9401ed0c2948ffe99fc90b28628b","223447","234655","13","제13조(관할의 경합)","MODIFIED","STRUCTURED_SNAPSHOT_DIFF","공식 구조화 원문 자동 비교"
"2021-12-09","evt-c6a9ac0fc4b6ed421860f7a36f2f9351eefc9401ed0c2948ffe99fc90b28628b","223447","234655","14","제14조(관할지정의 청구)","MODIFIED","STRUCTURED_SNAPSHOT_DIFF","공식 구조화 원문 자동 비교"
"2021-12-09","evt-c6a9ac0fc4b6ed421860f7a36f2f9351eefc9401ed0c2948ffe99fc90b28628b","223447","234655","16","제16조(관할의 지정 또는 이전 신청의 방식)","MODIFIED","STRUCTURED_SNAPSHOT_DIFF","공식 구조화 원문 자동 비교"
"2021-12-09","evt-c6a9ac0fc4b6ed421860f7a36f2f9351eefc9401ed0c2948ffe99fc90b28628b","223447","234655","33","제33조(국선변호인)","MODIFIED","STRUCTURED_SNAPSHOT_DIFF","공식 구조화 원문 자동 비교"
"2021-12-09","evt-c6a9ac0fc4b6ed421860f7a36f2f9351eefc9401ed0c2948ffe99fc90b28628b","223447","234655","34","제34조(피고인ㆍ피의자와의 접견, 교통, 진료)","MODIFIED","STRUCTURED_SNAPSHOT_DIFF","공식 구조화 원문 자동 비교"
"2021-12-09","evt-c6a9ac0fc4b6ed421860f7a36f2f9351eefc9401ed0c2948ffe99fc90b28628b","223447","234655","37","제37조(판결, 결정, 명령)","MODIFIED","STRUCTURED_SNAPSHOT_DIFF","공식 구조화 원문 자동 비교"
"2021-12-09","evt-c6a9ac0fc4b6ed421860f7a36f2f9351eefc9401ed0c2948ffe99fc90b28628b","223447","234655","48","제48조(조서의 작성 방법)","MODIFIED","STRUCTURED_SNAPSHOT_DIFF","공식 구조화 원문 자동 비교"
"2021-12-09","evt-c6a9ac0fc4b6ed421860f7a36f2f9351eefc9401ed0c2948ffe99fc90b28628b","223447","234655","66","제66조(기간의 계산)","MODIFIED","STRUCTURED_SNAPSHOT_DIFF","공식 구조화 원문 자동 비교"
"2021-12-09","evt-c6a9ac0fc4b6ed421860f7a36f2f9351eefc9401ed0c2948ffe99fc90b28628b","223447","234655","86","제86조(호송 중의 가유치)","MODIFIED","STRUCTURED_SNAPSHOT_DIFF","공식 구조화 원문 자동 비교"
"2021-12-09","evt-c6a9ac0fc4b6ed421860f7a36f2f9351eefc9401ed0c2948ffe99fc90b28628b","223447","234655","89","제89조(구속된 피고인의 접견ㆍ진료)","MODIFIED","STRUCTURED_SNAPSHOT_DIFF","공식 구조화 원문 자동 비교"
"2021-12-09","evt-c6a9ac0fc4b6ed421860f7a36f2f9351eefc9401ed0c2948ffe99fc90b28628b","223447","234655","91","제91조(변호인 아닌 자와의 접견ㆍ교통)","MODIFIED","STRUCTURED_SNAPSHOT_DIFF","공식 구조화 원문 자동 비교"
"2021-12-09","evt-c6a9ac0fc4b6ed421860f7a36f2f9351eefc9401ed0c2948ffe99fc90b28628b","223447","234655","98","제98조(보석의 조건)","MODIFIED","STRUCTURED_SNAPSHOT_DIFF","공식 구조화 원문 자동 비교"
"2021-12-09","evt-c6a9ac0fc4b6ed421860f7a36f2f9351eefc9401ed0c2948ffe99fc90b28628b","223447","234655","99","제99조(보석조건의 결정 시 고려사항)","MODIFIED","STRUCTURED_SNAPSHOT_DIFF","공식 구조화 원문 자동 비교"
"2021-12-09","evt-c6a9ac0fc4b6ed421860f7a36f2f9351eefc9401ed0c2948ffe99fc90b28628b","223447","234655","114","제114조(영장의 방식)","MODIFIED","STRUCTURED_SNAPSHOT_DIFF","공식 구조화 원문 자동 비교"
"2021-12-09","evt-c6a9ac0fc4b6ed421860f7a36f2f9351eefc9401ed0c2948ffe99fc90b28628b","223447","234655","116","제116조(주의사항)","MODIFIED","STRUCTURED_SNAPSHOT_DIFF","공식 구조화 원문 자동 비교"
"2021-12-09","evt-c6a9ac0fc4b6ed421860f7a36f2f9351eefc9401ed0c2948ffe99fc90b28628b","223447","234655","123","제123조(영장의 집행과 책임자의 참여)","MODIFIED","STRUCTURED_SNAPSHOT_DIFF","공식 구조화 원문 자동 비교"
"2021-12-09","evt-c6a9ac0fc4b6ed421860f7a36f2f9351eefc9401ed0c2948ffe99fc90b28628b","223447","234655","141","제141조(신체검사에 관한 주의)","MODIFIED","STRUCTURED_SNAPSHOT_DIFF","공식 구조화 원문 자동 비교"
"2021-12-09","evt-c6a9ac0fc4b6ed421860f7a36f2f9351eefc9401ed0c2948ffe99fc90b28628b","223447","234655","148","제148조(근친자의 형사책임과 증언 거부)","MODIFIED","STRUCTURED_SNAPSHOT_DIFF","공식 구조화 원문 자동 비교"
"2021-12-09","evt-c6a9ac0fc4b6ed421860f7a36f2f9351eefc9401ed0c2948ffe99fc90b28628b","223447","234655","157","제157조(선서의 방식)","MODIFIED","STRUCTURED_SNAPSHOT_DIFF","공식 구조화 원문 자동 비교"
"2021-12-09","evt-c6a9ac0fc4b6ed421860f7a36f2f9351eefc9401ed0c2948ffe99fc90b28628b","223447","234655","165의2","제165조의2(비디오 등 중계장치 등에 의한 증인신문)","MODIFIED","STRUCTURED_SNAPSHOT_DIFF","공식 구조화 원문 자동 비교"
"2021-12-09","evt-c6a9ac0fc4b6ed421860f7a36f2f9351eefc9401ed0c2948ffe99fc90b28628b","223447","234655","177","제177조(준용규정)","MODIFIED","STRUCTURED_SNAPSHOT_DIFF","공식 구조화 원문 자동 비교"
"2021-12-09","evt-c6a9ac0fc4b6ed421860f7a36f2f9351eefc9401ed0c2948ffe99fc90b28628b","223447","234655","181","제181조(청각 또는 언어장애인의 통역)","MODIFIED","STRUCTURED_SNAPSHOT_DIFF","공식 구조화 원문 자동 비교"
"2021-12-09","evt-c6a9ac0fc4b6ed421860f7a36f2f9351eefc9401ed0c2948ffe99fc90b28628b","223447","234655","211","제211조(현행범인과 준현행범인)","MODIFIED","STRUCTURED_SNAPSHOT_DIFF","공식 구조화 원문 자동 비교"
"2021-12-09","evt-c6a9ac0fc4b6ed421860f7a36f2f9351eefc9401ed0c2948ffe99fc90b28628b","223447","234655","214의2","제214조의2(체포와 구속의 적부심사)","MODIFIED","STRUCTURED_SNAPSHOT_DIFF","공식 구조화 원문 자동 비교"
"2021-12-09","evt-c6a9ac0fc4b6ed421860f7a36f2f9351eefc9401ed0c2948ffe99fc90b28628b","223447","234655","214의3","제214조의3(재체포 및 재구속의 제한)","MODIFIED","STRUCTURED_SNAPSHOT_DIFF","공식 구조화 원문 자동 비교"
"2021-12-09","evt-c6a9ac0fc4b6ed421860f7a36f2f9351eefc9401ed0c2948ffe99fc90b28628b","223447","234655","232","제232조(고소의 취소)","MODIFIED","STRUCTURED_SNAPSHOT_DIFF","공식 구조화 원문 자동 비교"
"2021-12-09","evt-c6a9ac0fc4b6ed421860f7a36f2f9351eefc9401ed0c2948ffe99fc90b28628b","223447","234655","248","제248조(공소의 효력 범위)","MODIFIED","STRUCTURED_SNAPSHOT_DIFF","공식 구조화 원문 자동 비교"
"2021-12-09","evt-c6a9ac0fc4b6ed421860f7a36f2f9351eefc9401ed0c2948ffe99fc90b28628b","223447","234655","250","제250조(두 개 이상의 형과 시효기간)","MODIFIED","STRUCTURED_SNAPSHOT_DIFF","공식 구조화 원문 자동 비교"
"2021-12-09","evt-c6a9ac0fc4b6ed421860f7a36f2f9351eefc9401ed0c2948ffe99fc90b28628b","223447","234655","327","제327조(공소기각의 판결)","MODIFIED","STRUCTURED_SNAPSHOT_DIFF","공식 구조화 원문 자동 비교"
"2021-12-09","evt-c6a9ac0fc4b6ed421860f7a36f2f9351eefc9401ed0c2948ffe99fc90b28628b","223447","234655","345","제345조(상소권회복 청구권자)","MODIFIED","STRUCTURED_SNAPSHOT_DIFF","공식 구조화 원문 자동 비교"
"2021-12-09","evt-c6a9ac0fc4b6ed421860f7a36f2f9351eefc9401ed0c2948ffe99fc90b28628b","223447","234655","346","제346조(상소권회복 청구의 방식)","MODIFIED","STRUCTURED_SNAPSHOT_DIFF","공식 구조화 원문 자동 비교"
"2021-12-09","evt-c6a9ac0fc4b6ed421860f7a36f2f9351eefc9401ed0c2948ffe99fc90b28628b","223447","234655","368","제368조(불이익변경의 금지)","MODIFIED","STRUCTURED_SNAPSHOT_DIFF","공식 구조화 원문 자동 비교"
"2021-12-09","evt-c6a9ac0fc4b6ed421860f7a36f2f9351eefc9401ed0c2948ffe99fc90b28628b","223447","234655","420","제420조(재심이유)","MODIFIED","STRUCTURED_SNAPSHOT_DIFF","공식 구조화 원문 자동 비교"
"2021-12-09","evt-c6a9ac0fc4b6ed421860f7a36f2f9351eefc9401ed0c2948ffe99fc90b28628b","223447","234655","439","제439조(불이익변경의 금지)","MODIFIED","STRUCTURED_SNAPSHOT_DIFF","공식 구조화 원문 자동 비교"
"2021-12-09","evt-c6a9ac0fc4b6ed421860f7a36f2f9351eefc9401ed0c2948ffe99fc90b28628b","223447","234655","462","제462조(형 집행의 순서)","MODIFIED","STRUCTURED_SNAPSHOT_DIFF","공식 구조화 원문 자동 비교"
"2021-12-09","evt-c6a9ac0fc4b6ed421860f7a36f2f9351eefc9401ed0c2948ffe99fc90b28628b","223447","234655","469","제469조(사형 집행의 정지)","MODIFIED","STRUCTURED_SNAPSHOT_DIFF","공식 구조화 원문 자동 비교"
"2021-11-18","evt-14e0bc2a9a39f5f23d84e5958e5d68b5b629f1f1b31289c81d9b31ea1f1e1076","234655","223447","72의2","제72조의2(고지의 방법)","MODIFIED","STRUCTURED_SNAPSHOT_DIFF","공식 구조화 원문 자동 비교"
"2021-11-18","evt-14e0bc2a9a39f5f23d84e5958e5d68b5b629f1f1b31289c81d9b31ea1f1e1076","234655","223447","165의2","제165조의2(비디오 등 중계장치 등에 의한 증인신문)","MODIFIED","STRUCTURED_SNAPSHOT_DIFF","공식 구조화 원문 자동 비교"
"2021-11-18","evt-14e0bc2a9a39f5f23d84e5958e5d68b5b629f1f1b31289c81d9b31ea1f1e1076","234655","223447","266의17","제266조의17(비디오 등 중계장치 등에 의한 공판준비기일)","ADDED","STRUCTURED_SNAPSHOT_DIFF","공식 구조화 원문 자동 비교"
"2021-06-09","evt-d7eb0182540bfbce95166aa31d50eb78f83e2426a460f7524a7fc63f1d9dd004","223447","213829","17","제17조(제척의 원인)","MODIFIED","STRUCTURED_SNAPSHOT_DIFF","공식 구조화 원문 자동 비교"
"2021-01-01","evt-af1e302e6fe64bfd9150994b580411e0b026a33b549f588633efd58f181f5e45","213829","213019","195","제195조(검사와 사법경찰관의 관계 등)","MODIFIED","OFFICIAL_OLD_NEW","법제처 공식 신구법 비교"
"2021-01-01","evt-af1e302e6fe64bfd9150994b580411e0b026a33b549f588633efd58f181f5e45","213829","213019","196","제196조(검사의 수사)","MODIFIED","OFFICIAL_OLD_NEW","법제처 공식 신구법 비교"
"2021-01-01","evt-af1e302e6fe64bfd9150994b580411e0b026a33b549f588633efd58f181f5e45","213829","213019","197","제197조(사법경찰관리)","MODIFIED","OFFICIAL_OLD_NEW","법제처 공식 신구법 비교"
"2021-01-01","evt-af1e302e6fe64bfd9150994b580411e0b026a33b549f588633efd58f181f5e45","213829","213019","312","제312조(검사 또는 사법경찰관의 조서 등)","MODIFIED","OFFICIAL_OLD_NEW","법제처 공식 신구법 비교"
"2019-12-31","evt-56b0475eefce15ee8e8dab02607e2cd9b0a9192784a24a474df1e85640f5d09d","213019","179019","137","제137조(구속영장집행과 수색)","MODIFIED","STRUCTURED_SNAPSHOT_DIFF","공식 구조화 원문 자동 비교"
"2019-12-31","evt-56b0475eefce15ee8e8dab02607e2cd9b0a9192784a24a474df1e85640f5d09d","213019","179019","216","제216조(영장에 의하지 아니한 강제처분)","MODIFIED","STRUCTURED_SNAPSHOT_DIFF","공식 구조화 원문 자동 비교"
"2019-12-31","evt-56b0475eefce15ee8e8dab02607e2cd9b0a9192784a24a474df1e85640f5d09d","213019","179019","405","제405조(즉시항고의 제기기간)","MODIFIED","STRUCTURED_SNAPSHOT_DIFF","공식 구조화 원문 자동 비교"
"2019-12-31","evt-56b0475eefce15ee8e8dab02607e2cd9b0a9192784a24a474df1e85640f5d09d","213019","179019","416","제416조(준항고)","MODIFIED","STRUCTURED_SNAPSHOT_DIFF","공식 구조화 원문 자동 비교"
"2018-01-07","evt-1e41adcc701dcf5f6f2958fc6b5a8f1ea42323e0e4ea28a6107b7d4d817dde34","179019","199774","477","제477조(재산형 등의 집행)","MODIFIED","STRUCTURED_SNAPSHOT_DIFF","공식 구조화 원문 자동 비교"
"2017-12-19","evt-31c1e9221c855fc5831c0cd02199e5afcd8a4b9db11ee1ce530236d527948aed","199774","199510","457의2","제457조의2(형종 상향의 금지 등)","MODIFIED","OFFICIAL_OLD_NEW","법제처 공식 신구법 비교"
"2017-12-12","evt-cf5f0b493d5a27b967615d355de1f49d0fe4ffb7de8d39a1cf45a8e087e86445","199510","179031","59","제59조(비공무원의 서류)","MODIFIED","STRUCTURED_SNAPSHOT_DIFF","공식 구조화 원문 자동 비교"
"2017-12-12","evt-cf5f0b493d5a27b967615d355de1f49d0fe4ffb7de8d39a1cf45a8e087e86445","199510","179031","74","제74조(소환장의 방식)","MODIFIED","STRUCTURED_SNAPSHOT_DIFF","공식 구조화 원문 자동 비교"
"2017-07-07","evt-181850dd39fd6c59d3134271e37dc4a9578a61faeadcd4b6413c0707e310bfb6","179031","183537","256의2","제256조의2(군검사에의 사건송치)","MODIFIED","STRUCTURED_SNAPSHOT_DIFF","공식 구조화 원문 자동 비교"
"2016-10-01","evt-215b9d749cc4f5afc17b614f636656d9c2ecba94d6e2ed3c45ad3407f79a2003","183537","183537","35","제35조(서류ㆍ증거물의 열람ㆍ복사)","MODIFIED","STRUCTURED_SNAPSHOT_DIFF","공식 구조화 원문 자동 비교"
"2016-05-29","evt-935d8cfce8a103db387daaebbd0e2c4845cbfcaa7d7019270d4b9b4c8d0673fc","183537","173582","35","제35조(서류ㆍ증거물의 열람ㆍ복사)","MODIFIED","STRUCTURED_SNAPSHOT_DIFF","공식 구조화 원문 자동 비교"
"2016-05-29","evt-935d8cfce8a103db387daaebbd0e2c4845cbfcaa7d7019270d4b9b4c8d0673fc","183537","173582","163","제163조(당사자의 참여권, 신문권)","MODIFIED","STRUCTURED_SNAPSHOT_DIFF","공식 구조화 원문 자동 비교"
"2016-05-29","evt-935d8cfce8a103db387daaebbd0e2c4845cbfcaa7d7019270d4b9b4c8d0673fc","183537","173582","313","제313조(진술서등)","MODIFIED","STRUCTURED_SNAPSHOT_DIFF","공식 구조화 원문 자동 비교"
"2016-05-29","evt-935d8cfce8a103db387daaebbd0e2c4845cbfcaa7d7019270d4b9b4c8d0673fc","183537","173582","314","제314조(증거능력에 대한 예외)","MODIFIED","STRUCTURED_SNAPSHOT_DIFF","공식 구조화 원문 자동 비교"
"2016-05-29","evt-935d8cfce8a103db387daaebbd0e2c4845cbfcaa7d7019270d4b9b4c8d0673fc","183537","173582","440","제440조(무죄판결의 공시)","MODIFIED","STRUCTURED_SNAPSHOT_DIFF","공식 구조화 원문 자동 비교"
"2016-02-01","evt-bac7cffaa1fc341536bb18d817ccc3b63dd9e5c4a470129f7b04d530ef160f55","173582","179019","163","제163조(당사자의 참여권, 신문권)","MODIFIED","STRUCTURED_SNAPSHOT_DIFF","공식 구조화 원문 자동 비교"
"2016-02-01","evt-bac7cffaa1fc341536bb18d817ccc3b63dd9e5c4a470129f7b04d530ef160f55","173582","179019","471의2","제471조의2(형집행정지 심의위원회)","ADDED","STRUCTURED_SNAPSHOT_DIFF","공식 구조화 원문 자동 비교"
"2016-01-06","evt-74b23081e1042338062c3ca717996e23a77f7a734f17fba0007cdcd5240e7203","179019","173582","262","제262조(심리와 결정)","MODIFIED","OFFICIAL_OLD_NEW","법제처 공식 신구법 비교"
"2016-01-06","evt-74b23081e1042338062c3ca717996e23a77f7a734f17fba0007cdcd5240e7203","179019","173582","262의4","제262조의4(공소시효의 정지 등)","MODIFIED","OFFICIAL_OLD_NEW","법제처 공식 신구법 비교"
"2016-01-06","evt-74b23081e1042338062c3ca717996e23a77f7a734f17fba0007cdcd5240e7203","179019","173582","477","제477조(재산형 등의 집행)","MODIFIED","OFFICIAL_OLD_NEW","법제처 공식 신구법 비교"
"2015-07-31","evt-fb98c67a93d6e50e2ff75a0b4f40dc4d23e3212832aac2b2b0fbf67f8f7f1c82","173582","165507","29","제29조(보조인)","MODIFIED","OFFICIAL_OLD_NEW","법제처 공식 신구법 비교"
"2015-07-31","evt-fb98c67a93d6e50e2ff75a0b4f40dc4d23e3212832aac2b2b0fbf67f8f7f1c82","173582","165507","48","제48조(조서의 작성방식)","MODIFIED","OFFICIAL_OLD_NEW","법제처 공식 신구법 비교"
"2015-07-31","evt-fb98c67a93d6e50e2ff75a0b4f40dc4d23e3212832aac2b2b0fbf67f8f7f1c82","173582","165507","49","제49조(검증 등의 조서)","MODIFIED","OFFICIAL_OLD_NEW","법제처 공식 신구법 비교"
"2015-07-31","evt-fb98c67a93d6e50e2ff75a0b4f40dc4d23e3212832aac2b2b0fbf67f8f7f1c82","173582","165507","101","제101조(구속의 집행정지)","MODIFIED","OFFICIAL_OLD_NEW","법제처 공식 신구법 비교"
"2015-07-31","evt-fb98c67a93d6e50e2ff75a0b4f40dc4d23e3212832aac2b2b0fbf67f8f7f1c82","173582","165507","111","제111조(공무상 비밀과 압수)","MODIFIED","OFFICIAL_OLD_NEW","법제처 공식 신구법 비교"
"2015-07-31","evt-fb98c67a93d6e50e2ff75a0b4f40dc4d23e3212832aac2b2b0fbf67f8f7f1c82","173582","165507","163","제163조(당사자의 참여권, 신문권)","MODIFIED","OFFICIAL_OLD_NEW","법제처 공식 신구법 비교"
"2015-07-31","evt-fb98c67a93d6e50e2ff75a0b4f40dc4d23e3212832aac2b2b0fbf67f8f7f1c82","173582","165507","201의2","제201조의2(구속영장 청구와 피의자 심문)","MODIFIED","OFFICIAL_OLD_NEW","법제처 공식 신구법 비교"
"2015-07-31","evt-fb98c67a93d6e50e2ff75a0b4f40dc4d23e3212832aac2b2b0fbf67f8f7f1c82","173582","165507","361의3","제361조의3(항소이유서와 답변서)","MODIFIED","OFFICIAL_OLD_NEW","법제처 공식 신구법 비교"
"2015-07-31","evt-fb98c67a93d6e50e2ff75a0b4f40dc4d23e3212832aac2b2b0fbf67f8f7f1c82","173582","165507","482","제482조(판결확정 전 구금일수 등의 산입)","MODIFIED","OFFICIAL_OLD_NEW","법제처 공식 신구법 비교"
"2015-07-31","evt-fb98c67a93d6e50e2ff75a0b4f40dc4d23e3212832aac2b2b0fbf67f8f7f1c82","173582","165507","487","제487조(소송비용의 집행면제의 신청)","MODIFIED","OFFICIAL_OLD_NEW","법제처 공식 신구법 비교"
"2014-12-30","evt-6d0148537d3bf2ee7321d28ed021cf7c514d754a5a0d266a3bba9938200e58e2","165507","160763","48","제48조(조서의 작성방법)","MODIFIED","OFFICIAL_OLD_NEW","법제처 공식 신구법 비교"
"2014-12-30","evt-6d0148537d3bf2ee7321d28ed021cf7c514d754a5a0d266a3bba9938200e58e2","165507","160763","49","제49조(검증 등의 조서)","MODIFIED","OFFICIAL_OLD_NEW","법제처 공식 신구법 비교"
"2014-12-30","evt-6d0148537d3bf2ee7321d28ed021cf7c514d754a5a0d266a3bba9938200e58e2","165507","160763","111","제111조(공무상 비밀과 압수)","MODIFIED","OFFICIAL_OLD_NEW","법제처 공식 신구법 비교"
"2014-12-30","evt-6d0148537d3bf2ee7321d28ed021cf7c514d754a5a0d266a3bba9938200e58e2","165507","160763","194의3","제194조의3(비용보상의 절차 등)","MODIFIED","OFFICIAL_OLD_NEW","법제처 공식 신구법 비교"
"2014-12-30","evt-6d0148537d3bf2ee7321d28ed021cf7c514d754a5a0d266a3bba9938200e58e2","165507","160763","201의2","제201조의2(구속영장 청구와 피의자 심문)","MODIFIED","OFFICIAL_OLD_NEW","법제처 공식 신구법 비교"
"2014-12-30","evt-6d0148537d3bf2ee7321d28ed021cf7c514d754a5a0d266a3bba9938200e58e2","165507","160763","361의3","제361조의3(항소이유서와 답변서)","MODIFIED","OFFICIAL_OLD_NEW","법제처 공식 신구법 비교"
"2014-12-30","evt-6d0148537d3bf2ee7321d28ed021cf7c514d754a5a0d266a3bba9938200e58e2","165507","160763","438","제438조(재심의 심판)","MODIFIED","OFFICIAL_OLD_NEW","법제처 공식 신구법 비교"
"2014-12-30","evt-6d0148537d3bf2ee7321d28ed021cf7c514d754a5a0d266a3bba9938200e58e2","165507","160763","487","제487조(소송비용의 집행면제의 신청)","MODIFIED","OFFICIAL_OLD_NEW","법제처 공식 신구법 비교"
"2014-10-15","evt-041537952cd7476ba1aaae5d2111cf34fe5029bbb7316e8a319b3ed1ab894e03","160763","153907","80","제80조(요급처분)","MODIFIED","OFFICIAL_OLD_NEW","법제처 공식 신구법 비교"
"2014-05-14","evt-80a2797107b9ecf608fe1708cd8cea023f484d19a421477724f405145e69e0fe","153907","130857","361의3","제361조의3(항소이유서와 답변서)","MODIFIED","STRUCTURED_SNAPSHOT_DIFF","공식 구조화 원문 자동 비교"
"2014-05-14","evt-80a2797107b9ecf608fe1708cd8cea023f484d19a421477724f405145e69e0fe","153907","130857","380","제380조(상고기각 결정)","MODIFIED","STRUCTURED_SNAPSHOT_DIFF","공식 구조화 원문 자동 비교"
