"No.","Effective Date","Promulgation / Issue Date","Version ID","Previous Version ID","Changed Article Count","Comparison Source","Comparison Source Korean","Official Old/New Available","Structured Snapshot Diff Used","Comparison Status","Event ID","Source Evidence","Notes"
"1","2027-12-31","2025-12-30","281865","288579","1","STRUCTURED_SNAPSHOT_DIFF","공식 구조화 원문 자동 비교","NO","YES","AVAILABLE","evt-6b2503ca2de5ed562d72fdcdef0a201332f029306c679d12a24fecd92ac68582","public/api/v1/changes/evt-6b2503ca2de5ed562d72fdcdef0a201332f029306c679d12a24fecd92ac68582.json#/event; comparison_source=STRUCTURED_SNAPSHOT_DIFF; comparison_status=AVAILABLE; comparison_scope=FULL_STRUCTURED_BODY; official_old_new_available=false; fallback_reason=OFFICIAL_COMPARISON_PAIR_OR_TEXT_UNAVAILABLE; comparison_evidence=null; before_version.snapshot_url=/api/v1/rules/law-001671/versions/288579-2027-08-05-eec723645c81f23d.json; before_version.body_hash=7277ab6c0f4e9056b3212c79bb4880fbecd27fb83c303c95e6635766fd3fac9e; after_version.snapshot_url=/api/v1/rules/law-001671/versions/281865-2027-12-31-d429ef41ab43c445.json; after_version.body_hash=9c2ae13d0778e66239b165a4682b668a209c6dd1d54c34c196b357bdfaab1c0c","조문: 제59조의3; 전후 시행일 2027-08-05 → 2027-12-31; 시행 예정"
"2","2027-08-05","2026-08-04","288579","288579","2","STRUCTURED_SNAPSHOT_DIFF","공식 구조화 원문 자동 비교","NO","YES","AVAILABLE","evt-9ee405a05ad38f4264412b53733b45fc46f5aebb1cc98a83fcc5f9f67ce0a77a","public/api/v1/changes/evt-9ee405a05ad38f4264412b53733b45fc46f5aebb1cc98a83fcc5f9f67ce0a77a.json#/event; comparison_source=STRUCTURED_SNAPSHOT_DIFF; comparison_status=AVAILABLE; comparison_scope=FULL_STRUCTURED_BODY; official_old_new_available=false; fallback_reason=OFFICIAL_COMPARISON_PAIR_OR_TEXT_UNAVAILABLE; comparison_evidence=null; before_version.snapshot_url=/api/v1/rules/law-001671/versions/288579-2027-02-05-41d66ada95a4c1fa.json; before_version.body_hash=009b3200b741659950b2fb219d1c22d538a25c916ec88a879137161a6f4a6928; after_version.snapshot_url=/api/v1/rules/law-001671/versions/288579-2027-08-05-eec723645c81f23d.json; after_version.body_hash=7277ab6c0f4e9056b3212c79bb4880fbecd27fb83c303c95e6635766fd3fac9e","조문: 제220조의2, 제244조의6; 전후 시행일 2027-02-05 → 2027-08-05; 시행 예정"
"3","2027-02-05","2026-08-04","288579","288579","3","STRUCTURED_SNAPSHOT_DIFF","공식 구조화 원문 자동 비교","NO","YES","AVAILABLE","evt-55e4c38a92b1f74f5a3b25d1eff54872bc32a03416a2b9b77611dc56f60a65ba","public/api/v1/changes/evt-55e4c38a92b1f74f5a3b25d1eff54872bc32a03416a2b9b77611dc56f60a65ba.json#/event; comparison_source=STRUCTURED_SNAPSHOT_DIFF; comparison_status=AVAILABLE; comparison_scope=FULL_STRUCTURED_BODY; official_old_new_available=false; fallback_reason=OFFICIAL_COMPARISON_PAIR_OR_TEXT_UNAVAILABLE; comparison_evidence=null; before_version.snapshot_url=/api/v1/rules/law-001671/versions/288579-2026-10-02-9d5ac1ec88deb05f.json; before_version.body_hash=5d5b962efcd67c0319a21f44647832e2ef17632618dd39977cb2fc8c3f09966b; after_version.snapshot_url=/api/v1/rules/law-001671/versions/288579-2027-02-05-41d66ada95a4c1fa.json; after_version.body_hash=009b3200b741659950b2fb219d1c22d538a25c916ec88a879137161a6f4a6928","조문: 제197조의4, 제260조, 제261조; 전후 시행일 2026-10-02 → 2027-02-05; 시행 예정"
"4","2026-10-02","2026-08-04","288579","290189","0","STRUCTURED_SNAPSHOT_DIFF","공식 구조화 원문 자동 비교","NO","YES","AVAILABLE","evt-cc8e838fe28801579af71610df39e8edb49cfe8418196ac4f4eeb83307658b3b","public/api/v1/changes/evt-cc8e838fe28801579af71610df39e8edb49cfe8418196ac4f4eeb83307658b3b.json#/event; comparison_source=STRUCTURED_SNAPSHOT_DIFF; comparison_status=AVAILABLE; comparison_scope=FULL_STRUCTURED_BODY; official_old_new_available=false; fallback_reason=OFFICIAL_COMPARISON_PAIR_OR_TEXT_UNAVAILABLE; comparison_evidence=null; before_version.snapshot_url=/api/v1/rules/law-001671/versions/290189-2026-10-02-aa614223f4a01171.json; before_version.body_hash=5f13501d6de48221d9b5f4ee6b27f464963a50f58281df07ac45fc5b3a7b7f87; after_version.snapshot_url=/api/v1/rules/law-001671/versions/288579-2026-10-02-9d5ac1ec88deb05f.json; after_version.body_hash=5d5b962efcd67c0319a21f44647832e2ef17632618dd39977cb2fc8c3f09966b","저장된 변경 조문 0개(비교 자료 없음과 구별); 전후 시행일 2026-10-02 → 2026-10-02"
"5","2026-10-02","2026-09-29","290189","281865","93","STRUCTURED_SNAPSHOT_DIFF","공식 구조화 원문 자동 비교","NO","YES","AVAILABLE","evt-014fc0c274f4110b3d823d51b98f1d6618b6a36f1e2cf460cf6cdb8b3c0a73c8","public/api/v1/changes/evt-014fc0c274f4110b3d823d51b98f1d6618b6a36f1e2cf460cf6cdb8b3c0a73c8.json#/event; comparison_source=STRUCTURED_SNAPSHOT_DIFF; comparison_status=AVAILABLE; comparison_scope=FULL_STRUCTURED_BODY; official_old_new_available=false; fallback_reason=OFFICIAL_COMPARISON_PAIR_OR_TEXT_UNAVAILABLE; comparison_evidence=null; before_version.snapshot_url=/api/v1/rules/law-001671/versions/281865-2026-07-01-f6b1b1087cf9ecf9.json; before_version.body_hash=a48b73b22b16f3aee4519889f4e7d2c941eda4ce62ac753ecfd907e4c6ccc16b; after_version.snapshot_url=/api/v1/rules/law-001671/versions/290189-2026-10-02-aa614223f4a01171.json; after_version.body_hash=5f13501d6de48221d9b5f4ee6b27f464963a50f58281df07ac45fc5b3a7b7f87","조문: 제59조의2, 제62조, 제67조, 제71조의2, 제81조, 제83조, 제84조, 제115조 외 85개; 전후 시행일 2026-07-01 → 2026-10-02"
"6","2026-07-01","2025-12-30","281865","280441","1","STRUCTURED_SNAPSHOT_DIFF","공식 구조화 원문 자동 비교","NO","YES","AVAILABLE","evt-e01107422bda2d192f63e85c89510a533593e9294b57d913a33ea5dc4d0ec54c","public/api/v1/changes/evt-e01107422bda2d192f63e85c89510a533593e9294b57d913a33ea5dc4d0ec54c.json#/event; comparison_source=STRUCTURED_SNAPSHOT_DIFF; comparison_status=AVAILABLE; comparison_scope=FULL_STRUCTURED_BODY; official_old_new_available=false; fallback_reason=OFFICIAL_COMPARISON_PAIR_OR_TEXT_UNAVAILABLE; comparison_evidence=null; before_version.snapshot_url=/api/v1/rules/law-001671/versions/280441-2026-06-24-7b0b5bdde3d1633e.json; before_version.body_hash=f2ed8db639973cbc24850f368eec287b8b9681e241aa53b6b7ea045dbb983581; after_version.snapshot_url=/api/v1/rules/law-001671/versions/281865-2026-07-01-f6b1b1087cf9ecf9.json; after_version.body_hash=a48b73b22b16f3aee4519889f4e7d2c941eda4ce62ac753ecfd907e4c6ccc16b","조문: 제215조의2; 전후 시행일 2026-06-24 → 2026-07-01"
"7","2026-06-24","2025-12-23","280441","269945","2","OFFICIAL_OLD_NEW","법제처 공식 신구법 비교","YES","NO","AVAILABLE","evt-61453d54d288ea7f89de0ce2810dd52a8c792df3798fd24da9793a0741f898c9","public/api/v1/changes/evt-61453d54d288ea7f89de0ce2810dd52a8c792df3798fd24da9793a0741f898c9.json#/event; comparison_source=LAWGO_OLD_NEW; comparison_status=AVAILABLE; comparison_scope=OFFICIAL_COMPARISON_EXCERPT; official_old_new_available=true; comparison_evidence.request={""MST"": ""280441"", ""target"": ""oldAndNew"", ""type"": ""JSON""}; comparison_evidence.raw_sha256=02947b1e07bae6a74a47310f7394d2123876c4bd5de5d2f83a03b1bd3849437f; before_version.snapshot_url=/api/v1/rules/law-001671/versions/269945-2025-09-19-b48cb913f32ec358.json; before_version.body_hash=e34bd67e3ffd9a66b34da5223aca90fb6b2bd223c11e41d6417b60333f95b530; after_version.snapshot_url=/api/v1/rules/law-001671/versions/280441-2026-06-24-7b0b5bdde3d1633e.json; after_version.body_hash=f2ed8db639973cbc24850f368eec287b8b9681e241aa53b6b7ea045dbb983581","조문: 제185조, 제294조의5; 전후 시행일 2025-09-19 → 2026-06-24; 공식 비교 발췌 범위"
"8","2025-09-19","2025-03-18","269945","265773","1","OFFICIAL_OLD_NEW","법제처 공식 신구법 비교","YES","NO","AVAILABLE","evt-dbf2c478240f8573817de2991ef3b28f8d064a6170fe95c13d0c57720cdeddf9","public/api/v1/changes/evt-dbf2c478240f8573817de2991ef3b28f8d064a6170fe95c13d0c57720cdeddf9.json#/event; comparison_source=LAWGO_OLD_NEW; comparison_status=AVAILABLE; comparison_scope=OFFICIAL_COMPARISON_EXCERPT; official_old_new_available=true; comparison_evidence.request={""MST"": ""269945"", ""target"": ""oldAndNew"", ""type"": ""JSON""}; comparison_evidence.raw_sha256=7e80d884ca6627bcda3ecfbc138e0b26e376c2e63e73697d2b7b4979052c7be5; before_version.snapshot_url=/api/v1/rules/law-001671/versions/265773-2025-01-17-05a7c45c1e61f054.json; before_version.body_hash=002ea4aa77825a0955c7169f3dec426902db02189203949dcdf2d1443d6e2d15; after_version.snapshot_url=/api/v1/rules/law-001671/versions/269945-2025-09-19-b48cb913f32ec358.json; after_version.body_hash=e34bd67e3ffd9a66b34da5223aca90fb6b2bd223c11e41d6417b60333f95b530","조문: 제294조의4; 전후 시행일 2025-01-17 → 2025-09-19; 공식 비교 발췌 범위"
"9","2025-01-17","2024-10-16","265773","260231","1","STRUCTURED_SNAPSHOT_DIFF","공식 구조화 원문 자동 비교","NO","YES","AVAILABLE","evt-ab0055dc7e5121ea90dd48be9d157174fe8f4f5bbb5e0dd2f6f4c734922ff47f","public/api/v1/changes/evt-ab0055dc7e5121ea90dd48be9d157174fe8f4f5bbb5e0dd2f6f4c734922ff47f.json#/event; comparison_source=STRUCTURED_SNAPSHOT_DIFF; comparison_status=AVAILABLE; comparison_scope=FULL_STRUCTURED_BODY; official_old_new_available=false; fallback_reason=OFFICIAL_COMPARISON_PAIR_OR_TEXT_UNAVAILABLE; comparison_evidence=null; before_version.snapshot_url=/api/v1/rules/law-001671/versions/260231-2024-02-13-033cc1fbda21633c.json; before_version.body_hash=290069faf57451835b004cf8e4d55734ec527dcb4b62279d42a127866adeb5ff; after_version.snapshot_url=/api/v1/rules/law-001671/versions/265773-2025-01-17-05a7c45c1e61f054.json; after_version.body_hash=002ea4aa77825a0955c7169f3dec426902db02189203949dcdf2d1443d6e2d15","조문: 제294조의5; 전후 시행일 2024-02-13 → 2025-01-17"
"10","2024-02-13","2024-02-13","260231","242053","1","OFFICIAL_OLD_NEW","법제처 공식 신구법 비교","YES","NO","AVAILABLE","evt-da5a6deba2e9729ab4591794bc4e7247dfc50366d2880664a13d570b8ec8378d","public/api/v1/changes/evt-da5a6deba2e9729ab4591794bc4e7247dfc50366d2880664a13d570b8ec8378d.json#/event; comparison_source=LAWGO_OLD_NEW; comparison_status=AVAILABLE; comparison_scope=OFFICIAL_COMPARISON_EXCERPT; official_old_new_available=true; comparison_evidence.request={""MST"": ""260231"", ""target"": ""oldAndNew"", ""type"": ""JSON""}; comparison_evidence.raw_sha256=498e492880460e989b2dc507ae458872c0a7da964b698cebd02468b0c936bdff; before_version.snapshot_url=/api/v1/rules/law-001671/versions/242053-2022-09-10-e972be6b06c1341e.json; before_version.body_hash=c708e793fdc67898ecb2f96b24b593f45aa44c55cb2980a1df713dbdc4c122b5; after_version.snapshot_url=/api/v1/rules/law-001671/versions/260231-2024-02-13-033cc1fbda21633c.json; after_version.body_hash=290069faf57451835b004cf8e4d55734ec527dcb4b62279d42a127866adeb5ff","조문: 제253조; 전후 시행일 2022-09-10 → 2024-02-13; 공식 비교 발췌 범위"
"11","2022-09-10","2022-05-09","242053","240029","3","OFFICIAL_OLD_NEW","법제처 공식 신구법 비교","YES","NO","AVAILABLE","evt-0f416a20dad5450aae3a42640beb622d9c110234c6208f4ab7147d2a85fd7e1e","public/api/v1/changes/evt-0f416a20dad5450aae3a42640beb622d9c110234c6208f4ab7147d2a85fd7e1e.json#/event; comparison_source=LAWGO_OLD_NEW; comparison_status=AVAILABLE; comparison_scope=OFFICIAL_COMPARISON_EXCERPT; official_old_new_available=true; comparison_evidence.request={""MST"": ""242053"", ""target"": ""oldAndNew"", ""type"": ""JSON""}; comparison_evidence.raw_sha256=df6b5174f85c5cbb1b657efb52d19e7caeef3b14563d12e6afb8f57cb2f26e4d; before_version.snapshot_url=/api/v1/rules/law-001671/versions/240029-2022-02-03-a69547f448ebdc64.json; before_version.body_hash=4ebe645e6193ebad1a7b75db0c2eb0743865082448c656a0c8e20bc71dcaead2; after_version.snapshot_url=/api/v1/rules/law-001671/versions/242053-2022-09-10-e972be6b06c1341e.json; after_version.body_hash=c708e793fdc67898ecb2f96b24b593f45aa44c55cb2980a1df713dbdc4c122b5","조문: 제196조, 제198조, 제245조의7; 전후 시행일 2022-02-03 → 2022-09-10; 공식 비교 발췌 범위"
"12","2022-02-03","2022-02-03","240029","213829","2","STRUCTURED_SNAPSHOT_DIFF","공식 구조화 원문 자동 비교","NO","YES","AVAILABLE","evt-cf060defcddeff0fa83795a9dc15aac2656e360f466c7a4da130c368761cd35a","public/api/v1/changes/evt-cf060defcddeff0fa83795a9dc15aac2656e360f466c7a4da130c368761cd35a.json#/event; comparison_source=STRUCTURED_SNAPSHOT_DIFF; comparison_status=AVAILABLE; comparison_scope=FULL_STRUCTURED_BODY; official_old_new_available=false; fallback_reason=OFFICIAL_COMPARISON_PAIR_OR_TEXT_UNAVAILABLE; comparison_evidence=null; before_version.snapshot_url=/api/v1/rules/law-001671/versions/213829-2022-01-01-e246370a469da4f9.json; before_version.body_hash=1d1a80462b577bc92de28a288ccf6b55ebc6d556cf1b90b43034061e385b91c3; after_version.snapshot_url=/api/v1/rules/law-001671/versions/240029-2022-02-03-a69547f448ebdc64.json; after_version.body_hash=4ebe645e6193ebad1a7b75db0c2eb0743865082448c656a0c8e20bc71dcaead2","조문: 제85조, 제118조; 전후 시행일 2022-01-01 → 2022-02-03"
"13","2022-01-01","2020-02-04","213829","238045","1","STRUCTURED_SNAPSHOT_DIFF","공식 구조화 원문 자동 비교","NO","YES","AVAILABLE","evt-4168427c86bbc6b9989dcd4c49aed92ad430259709de8dfe56399d93ff0e310a","public/api/v1/changes/evt-4168427c86bbc6b9989dcd4c49aed92ad430259709de8dfe56399d93ff0e310a.json#/event; comparison_source=STRUCTURED_SNAPSHOT_DIFF; comparison_status=AVAILABLE; comparison_scope=FULL_STRUCTURED_BODY; official_old_new_available=false; fallback_reason=OFFICIAL_COMPARISON_PAIR_OR_TEXT_UNAVAILABLE; comparison_evidence=null; before_version.snapshot_url=/api/v1/rules/law-001671/versions/238045-2021-12-21-5523724f9ab0b89f.json; before_version.body_hash=5b72af04dbaabfbc939f8f294d14b807f8248e78d96567d6ff4b316c356a336a; after_version.snapshot_url=/api/v1/rules/law-001671/versions/213829-2022-01-01-e246370a469da4f9.json; after_version.body_hash=1d1a80462b577bc92de28a288ccf6b55ebc6d556cf1b90b43034061e385b91c3","조문: 제312조; 전후 시행일 2021-12-21 → 2022-01-01"
"14","2021-12-21","2021-12-21","238045","234655","0","STRUCTURED_SNAPSHOT_DIFF","공식 구조화 원문 자동 비교","NO","YES","AVAILABLE","evt-e3e72613a9f447ab299b9f8fafd6cd40e09451e19f75b966f106c4bfb4143040","public/api/v1/changes/evt-e3e72613a9f447ab299b9f8fafd6cd40e09451e19f75b966f106c4bfb4143040.json#/event; comparison_source=STRUCTURED_SNAPSHOT_DIFF; comparison_status=AVAILABLE; comparison_scope=FULL_STRUCTURED_BODY; official_old_new_available=false; fallback_reason=OFFICIAL_COMPARISON_PAIR_OR_TEXT_UNAVAILABLE; comparison_evidence=null; before_version.snapshot_url=/api/v1/rules/law-001671/versions/234655-2021-12-09-cbc68e2f78726efd.json; before_version.body_hash=747dba7540e9c967f4fc75edf0f2a2cf8148e89bf49311d5a48234a94ccaa84e; after_version.snapshot_url=/api/v1/rules/law-001671/versions/238045-2021-12-21-5523724f9ab0b89f.json; after_version.body_hash=5b72af04dbaabfbc939f8f294d14b807f8248e78d96567d6ff4b316c356a336a","저장된 변경 조문 0개(비교 자료 없음과 구별); 전후 시행일 2021-12-09 → 2021-12-21"
"15","2021-12-09","2021-08-17","234655","223447","0","STRUCTURED_SNAPSHOT_DIFF","공식 구조화 원문 자동 비교","NO","YES","AVAILABLE","evt-f74d197841f50ed8a129b25175807e7b3116209fa6eb8862c50d493615242ada","public/api/v1/changes/evt-f74d197841f50ed8a129b25175807e7b3116209fa6eb8862c50d493615242ada.json#/event; comparison_source=STRUCTURED_SNAPSHOT_DIFF; comparison_status=AVAILABLE; comparison_scope=FULL_STRUCTURED_BODY; official_old_new_available=false; fallback_reason=OFFICIAL_COMPARISON_PAIR_OR_TEXT_UNAVAILABLE; comparison_evidence=null; before_version.snapshot_url=/api/v1/rules/law-001671/versions/223447-2021-12-09-f98dcf289da46bd7.json; before_version.body_hash=3766b4e897fec616facae4d180904f21a8479b7611d00c3f0f357183ee71941c; after_version.snapshot_url=/api/v1/rules/law-001671/versions/234655-2021-12-09-cbc68e2f78726efd.json; after_version.body_hash=747dba7540e9c967f4fc75edf0f2a2cf8148e89bf49311d5a48234a94ccaa84e","저장된 변경 조문 0개(비교 자료 없음과 구별); 전후 시행일 2021-12-09 → 2021-12-09"
"16","2021-12-09","2020-12-08","223447","234655","37","STRUCTURED_SNAPSHOT_DIFF","공식 구조화 원문 자동 비교","NO","YES","AVAILABLE","evt-c6a9ac0fc4b6ed421860f7a36f2f9351eefc9401ed0c2948ffe99fc90b28628b","public/api/v1/changes/evt-c6a9ac0fc4b6ed421860f7a36f2f9351eefc9401ed0c2948ffe99fc90b28628b.json#/event; comparison_source=STRUCTURED_SNAPSHOT_DIFF; comparison_status=AVAILABLE; comparison_scope=FULL_STRUCTURED_BODY; official_old_new_available=false; fallback_reason=OFFICIAL_COMPARISON_PAIR_OR_TEXT_UNAVAILABLE; comparison_evidence=null; before_version.snapshot_url=/api/v1/rules/law-001671/versions/234655-2021-11-18-6867c4317a8fd43e.json; before_version.body_hash=a86ff20d6439d9320d316c98cb5a2679c5e99426131726e92453fb605dcbbd14; after_version.snapshot_url=/api/v1/rules/law-001671/versions/223447-2021-12-09-f98dcf289da46bd7.json; after_version.body_hash=3766b4e897fec616facae4d180904f21a8479b7611d00c3f0f357183ee71941c","조문: 제6조, 제13조, 제14조, 제16조, 제33조, 제34조, 제37조, 제48조 외 29개; 전후 시행일 2021-11-18 → 2021-12-09"
"17","2021-11-18","2021-08-17","234655","223447","3","STRUCTURED_SNAPSHOT_DIFF","공식 구조화 원문 자동 비교","NO","YES","AVAILABLE","evt-14e0bc2a9a39f5f23d84e5958e5d68b5b629f1f1b31289c81d9b31ea1f1e1076","public/api/v1/changes/evt-14e0bc2a9a39f5f23d84e5958e5d68b5b629f1f1b31289c81d9b31ea1f1e1076.json#/event; comparison_source=STRUCTURED_SNAPSHOT_DIFF; comparison_status=AVAILABLE; comparison_scope=FULL_STRUCTURED_BODY; official_old_new_available=false; fallback_reason=OFFICIAL_COMPARISON_PAIR_OR_TEXT_UNAVAILABLE; comparison_evidence=null; before_version.snapshot_url=/api/v1/rules/law-001671/versions/223447-2021-06-09-a1870422306b79a4.json; before_version.body_hash=29dc48afbd45579232b783255f1ce81408ec4ad3e6e14e8e2efe3acf115c957f; after_version.snapshot_url=/api/v1/rules/law-001671/versions/234655-2021-11-18-6867c4317a8fd43e.json; after_version.body_hash=a86ff20d6439d9320d316c98cb5a2679c5e99426131726e92453fb605dcbbd14","조문: 제72조의2, 제165조의2, 제266조의17; 전후 시행일 2021-06-09 → 2021-11-18"
"18","2021-06-09","2020-12-08","223447","213829","1","STRUCTURED_SNAPSHOT_DIFF","공식 구조화 원문 자동 비교","NO","YES","AVAILABLE","evt-d7eb0182540bfbce95166aa31d50eb78f83e2426a460f7524a7fc63f1d9dd004","public/api/v1/changes/evt-d7eb0182540bfbce95166aa31d50eb78f83e2426a460f7524a7fc63f1d9dd004.json#/event; comparison_source=STRUCTURED_SNAPSHOT_DIFF; comparison_status=AVAILABLE; comparison_scope=FULL_STRUCTURED_BODY; official_old_new_available=false; fallback_reason=OFFICIAL_COMPARISON_PAIR_OR_TEXT_UNAVAILABLE; comparison_evidence=null; before_version.snapshot_url=/api/v1/rules/law-001671/versions/213829-2021-01-01-0d9c0d1627bdb91e.json; before_version.body_hash=baab3a147fe7b2630150e5ab138b3d74afc95e7734754719420be5feec2a63c1; after_version.snapshot_url=/api/v1/rules/law-001671/versions/223447-2021-06-09-a1870422306b79a4.json; after_version.body_hash=29dc48afbd45579232b783255f1ce81408ec4ad3e6e14e8e2efe3acf115c957f","조문: 제17조; 전후 시행일 2021-01-01 → 2021-06-09"
"19","2021-01-01","2020-02-04","213829","213019","4","OFFICIAL_OLD_NEW","법제처 공식 신구법 비교","YES","NO","AVAILABLE","evt-af1e302e6fe64bfd9150994b580411e0b026a33b549f588633efd58f181f5e45","public/api/v1/changes/evt-af1e302e6fe64bfd9150994b580411e0b026a33b549f588633efd58f181f5e45.json#/event; comparison_source=LAWGO_OLD_NEW; comparison_status=AVAILABLE; comparison_scope=OFFICIAL_COMPARISON_EXCERPT; official_old_new_available=true; comparison_evidence.request={""MST"": ""213829"", ""target"": ""oldAndNew"", ""type"": ""JSON""}; comparison_evidence.raw_sha256=1881bb7e73c27adec88d8c65608cf2faa7234a39b1d721a781b4da29018450eb; before_version.snapshot_url=/api/v1/rules/law-001671/versions/213019-2019-12-31-1ea705372d3e0d48.json; before_version.body_hash=2f08862e287e1378bf36286c179379ea26720ecab70bb9a48472b3ab756fc75f; after_version.snapshot_url=/api/v1/rules/law-001671/versions/213829-2021-01-01-0d9c0d1627bdb91e.json; after_version.body_hash=baab3a147fe7b2630150e5ab138b3d74afc95e7734754719420be5feec2a63c1","조문: 제195조, 제196조, 제197조, 제312조; 전후 시행일 2019-12-31 → 2021-01-01; 공식 비교 발췌 범위"
"20","2019-12-31","2019-12-31","213019","179019","4","STRUCTURED_SNAPSHOT_DIFF","공식 구조화 원문 자동 비교","NO","YES","AVAILABLE","evt-56b0475eefce15ee8e8dab02607e2cd9b0a9192784a24a474df1e85640f5d09d","public/api/v1/changes/evt-56b0475eefce15ee8e8dab02607e2cd9b0a9192784a24a474df1e85640f5d09d.json#/event; comparison_source=STRUCTURED_SNAPSHOT_DIFF; comparison_status=AVAILABLE; comparison_scope=FULL_STRUCTURED_BODY; official_old_new_available=false; fallback_reason=OFFICIAL_COMPARISON_PAIR_OR_TEXT_UNAVAILABLE; comparison_evidence=null; before_version.snapshot_url=/api/v1/rules/law-001671/versions/179019-2018-01-07-a1a0cc1c3b414c0a.json; before_version.body_hash=889080da5f2364c28acc1ca00ca633b6786aec9180879b04912c7f5d21e9db8a; after_version.snapshot_url=/api/v1/rules/law-001671/versions/213019-2019-12-31-1ea705372d3e0d48.json; after_version.body_hash=2f08862e287e1378bf36286c179379ea26720ecab70bb9a48472b3ab756fc75f","조문: 제137조, 제216조, 제405조, 제416조; 전후 시행일 2018-01-07 → 2019-12-31"
"21","2018-01-07","2016-01-06","179019","199774","1","STRUCTURED_SNAPSHOT_DIFF","공식 구조화 원문 자동 비교","NO","YES","AVAILABLE","evt-1e41adcc701dcf5f6f2958fc6b5a8f1ea42323e0e4ea28a6107b7d4d817dde34","public/api/v1/changes/evt-1e41adcc701dcf5f6f2958fc6b5a8f1ea42323e0e4ea28a6107b7d4d817dde34.json#/event; comparison_source=STRUCTURED_SNAPSHOT_DIFF; comparison_status=AVAILABLE; comparison_scope=FULL_STRUCTURED_BODY; official_old_new_available=false; fallback_reason=OFFICIAL_COMPARISON_PAIR_OR_TEXT_UNAVAILABLE; comparison_evidence=null; before_version.snapshot_url=/api/v1/rules/law-001671/versions/199774-2017-12-19-4679df4b477b6691.json; before_version.body_hash=8a3d45bab11371568a44db1898f7300cdc13c9fa685c217370a60c1578ae9c87; after_version.snapshot_url=/api/v1/rules/law-001671/versions/179019-2018-01-07-a1a0cc1c3b414c0a.json; after_version.body_hash=889080da5f2364c28acc1ca00ca633b6786aec9180879b04912c7f5d21e9db8a","조문: 제477조; 전후 시행일 2017-12-19 → 2018-01-07"
"22","2017-12-19","2017-12-19","199774","199510","1","OFFICIAL_OLD_NEW","법제처 공식 신구법 비교","YES","NO","AVAILABLE","evt-31c1e9221c855fc5831c0cd02199e5afcd8a4b9db11ee1ce530236d527948aed","public/api/v1/changes/evt-31c1e9221c855fc5831c0cd02199e5afcd8a4b9db11ee1ce530236d527948aed.json#/event; comparison_source=LAWGO_OLD_NEW; comparison_status=AVAILABLE; comparison_scope=OFFICIAL_COMPARISON_EXCERPT; official_old_new_available=true; comparison_evidence.request={""MST"": ""199774"", ""target"": ""oldAndNew"", ""type"": ""JSON""}; comparison_evidence.raw_sha256=7b113ca3e9fa174fb1ad2cfdc78f210ad0ccf9f162c04e83c0dc7f95976c81aa; before_version.snapshot_url=/api/v1/rules/law-001671/versions/199510-2017-12-12-046894078f529583.json; before_version.body_hash=51bd00756a0aba77c2b111fac086581c90810b04e842660b3cb7cc62f36c4c3b; after_version.snapshot_url=/api/v1/rules/law-001671/versions/199774-2017-12-19-4679df4b477b6691.json; after_version.body_hash=8a3d45bab11371568a44db1898f7300cdc13c9fa685c217370a60c1578ae9c87","조문: 제457조의2; 전후 시행일 2017-12-12 → 2017-12-19; 공식 비교 발췌 범위"
"23","2017-12-12","2017-12-12","199510","179031","2","STRUCTURED_SNAPSHOT_DIFF","공식 구조화 원문 자동 비교","NO","YES","AVAILABLE","evt-cf5f0b493d5a27b967615d355de1f49d0fe4ffb7de8d39a1cf45a8e087e86445","public/api/v1/changes/evt-cf5f0b493d5a27b967615d355de1f49d0fe4ffb7de8d39a1cf45a8e087e86445.json#/event; comparison_source=STRUCTURED_SNAPSHOT_DIFF; comparison_status=AVAILABLE; comparison_scope=FULL_STRUCTURED_BODY; official_old_new_available=false; fallback_reason=OFFICIAL_COMPARISON_PAIR_OR_TEXT_UNAVAILABLE; comparison_evidence=null; before_version.snapshot_url=/api/v1/rules/law-001671/versions/179031-2017-07-07-13fb7959325ec250.json; before_version.body_hash=ba2a68aa901e62a96e6c6b7a6cb5847da84579f52c101c7981fd74962dd35691; after_version.snapshot_url=/api/v1/rules/law-001671/versions/199510-2017-12-12-046894078f529583.json; after_version.body_hash=51bd00756a0aba77c2b111fac086581c90810b04e842660b3cb7cc62f36c4c3b","조문: 제59조, 제74조; 전후 시행일 2017-07-07 → 2017-12-12"
"24","2017-07-07","2016-01-06","179031","183537","1","STRUCTURED_SNAPSHOT_DIFF","공식 구조화 원문 자동 비교","NO","YES","AVAILABLE","evt-181850dd39fd6c59d3134271e37dc4a9578a61faeadcd4b6413c0707e310bfb6","public/api/v1/changes/evt-181850dd39fd6c59d3134271e37dc4a9578a61faeadcd4b6413c0707e310bfb6.json#/event; comparison_source=STRUCTURED_SNAPSHOT_DIFF; comparison_status=AVAILABLE; comparison_scope=FULL_STRUCTURED_BODY; official_old_new_available=false; fallback_reason=OFFICIAL_COMPARISON_PAIR_OR_TEXT_UNAVAILABLE; comparison_evidence=null; before_version.snapshot_url=/api/v1/rules/law-001671/versions/183537-2016-10-01-c9aca11376cefac4.json; before_version.body_hash=dafd7bde5d3d12c831a46f1385fb50f1f3f745bd5388e08883683275bffabcb8; after_version.snapshot_url=/api/v1/rules/law-001671/versions/179031-2017-07-07-13fb7959325ec250.json; after_version.body_hash=ba2a68aa901e62a96e6c6b7a6cb5847da84579f52c101c7981fd74962dd35691","조문: 제256조의2; 전후 시행일 2016-10-01 → 2017-07-07"
"25","2016-10-01","2016-05-29","183537","183537","1","STRUCTURED_SNAPSHOT_DIFF","공식 구조화 원문 자동 비교","NO","YES","AVAILABLE","evt-215b9d749cc4f5afc17b614f636656d9c2ecba94d6e2ed3c45ad3407f79a2003","public/api/v1/changes/evt-215b9d749cc4f5afc17b614f636656d9c2ecba94d6e2ed3c45ad3407f79a2003.json#/event; comparison_source=STRUCTURED_SNAPSHOT_DIFF; comparison_status=AVAILABLE; comparison_scope=FULL_STRUCTURED_BODY; official_old_new_available=false; fallback_reason=OFFICIAL_COMPARISON_PAIR_OR_TEXT_UNAVAILABLE; comparison_evidence=null; before_version.snapshot_url=/api/v1/rules/law-001671/versions/183537-2016-05-29-c8d2c04bd1208247.json; before_version.body_hash=e4d5970e09431f5a6c3447a171c2d5a8e6e637fb502c544e896e324ad25a119e; after_version.snapshot_url=/api/v1/rules/law-001671/versions/183537-2016-10-01-c9aca11376cefac4.json; after_version.body_hash=dafd7bde5d3d12c831a46f1385fb50f1f3f745bd5388e08883683275bffabcb8","조문: 제35조; 전후 시행일 2016-05-29 → 2016-10-01"
"26","2016-05-29","2016-05-29","183537","173582","5","STRUCTURED_SNAPSHOT_DIFF","공식 구조화 원문 자동 비교","NO","YES","AVAILABLE","evt-935d8cfce8a103db387daaebbd0e2c4845cbfcaa7d7019270d4b9b4c8d0673fc","public/api/v1/changes/evt-935d8cfce8a103db387daaebbd0e2c4845cbfcaa7d7019270d4b9b4c8d0673fc.json#/event; comparison_source=STRUCTURED_SNAPSHOT_DIFF; comparison_status=AVAILABLE; comparison_scope=FULL_STRUCTURED_BODY; official_old_new_available=false; fallback_reason=OFFICIAL_COMPARISON_PAIR_OR_TEXT_UNAVAILABLE; comparison_evidence=null; before_version.snapshot_url=/api/v1/rules/law-001671/versions/173582-2016-02-01-ca5d22c914a6d2d2.json; before_version.body_hash=8dfd770868cb13128856935044246d7d8fe620907507603104be1d6bb5ba11de; after_version.snapshot_url=/api/v1/rules/law-001671/versions/183537-2016-05-29-c8d2c04bd1208247.json; after_version.body_hash=e4d5970e09431f5a6c3447a171c2d5a8e6e637fb502c544e896e324ad25a119e","조문: 제35조, 제163조, 제313조, 제314조, 제440조; 전후 시행일 2016-02-01 → 2016-05-29"
"27","2016-02-01","2015-07-31","173582","179019","2","STRUCTURED_SNAPSHOT_DIFF","공식 구조화 원문 자동 비교","NO","YES","AVAILABLE","evt-bac7cffaa1fc341536bb18d817ccc3b63dd9e5c4a470129f7b04d530ef160f55","public/api/v1/changes/evt-bac7cffaa1fc341536bb18d817ccc3b63dd9e5c4a470129f7b04d530ef160f55.json#/event; comparison_source=STRUCTURED_SNAPSHOT_DIFF; comparison_status=AVAILABLE; comparison_scope=FULL_STRUCTURED_BODY; official_old_new_available=false; fallback_reason=OFFICIAL_COMPARISON_PAIR_OR_TEXT_UNAVAILABLE; comparison_evidence=null; before_version.snapshot_url=/api/v1/rules/law-001671/versions/179019-2016-01-06-69eeee5c526a1cab.json; before_version.body_hash=60f1448d4a7401acce69ffff4e37fc7909eaf6119c5e7aabe5158897f9dadf92; after_version.snapshot_url=/api/v1/rules/law-001671/versions/173582-2016-02-01-ca5d22c914a6d2d2.json; after_version.body_hash=8dfd770868cb13128856935044246d7d8fe620907507603104be1d6bb5ba11de","조문: 제163조, 제471조의2; 전후 시행일 2016-01-06 → 2016-02-01"
"28","2016-01-06","2016-01-06","179019","173582","3","OFFICIAL_OLD_NEW","법제처 공식 신구법 비교","YES","NO","AVAILABLE","evt-74b23081e1042338062c3ca717996e23a77f7a734f17fba0007cdcd5240e7203","public/api/v1/changes/evt-74b23081e1042338062c3ca717996e23a77f7a734f17fba0007cdcd5240e7203.json#/event; comparison_source=LAWGO_OLD_NEW; comparison_status=AVAILABLE; comparison_scope=OFFICIAL_COMPARISON_EXCERPT; official_old_new_available=true; comparison_evidence.request={""MST"": ""179019"", ""target"": ""oldAndNew"", ""type"": ""JSON""}; comparison_evidence.raw_sha256=f63b1c76372199ab5c280e1c6c7470c223bf2903e12c480592365b7cc920258a; before_version.snapshot_url=/api/v1/rules/law-001671/versions/173582-2015-07-31-acba192867bd20ed.json; before_version.body_hash=d812f34702824793890e286411129a1596261a101c07f16d9d53b6513df72895; after_version.snapshot_url=/api/v1/rules/law-001671/versions/179019-2016-01-06-69eeee5c526a1cab.json; after_version.body_hash=60f1448d4a7401acce69ffff4e37fc7909eaf6119c5e7aabe5158897f9dadf92","조문: 제262조, 제262조의4, 제477조; 전후 시행일 2015-07-31 → 2016-01-06; 공식 비교 발췌 범위"
"29","2015-07-31","2015-07-31","173582","165507","10","OFFICIAL_OLD_NEW","법제처 공식 신구법 비교","YES","NO","AVAILABLE","evt-fb98c67a93d6e50e2ff75a0b4f40dc4d23e3212832aac2b2b0fbf67f8f7f1c82","public/api/v1/changes/evt-fb98c67a93d6e50e2ff75a0b4f40dc4d23e3212832aac2b2b0fbf67f8f7f1c82.json#/event; comparison_source=LAWGO_OLD_NEW; comparison_status=AVAILABLE; comparison_scope=OFFICIAL_COMPARISON_EXCERPT; official_old_new_available=true; comparison_evidence.request={""MST"": ""173582"", ""target"": ""oldAndNew"", ""type"": ""JSON""}; comparison_evidence.raw_sha256=a11073b9793889811a87ff2fd7a3bd7f7606d1e569759db8311892b7ff8dbb35; before_version.snapshot_url=/api/v1/rules/law-001671/versions/165507-2014-12-30-ee8e3f9355f20682.json; before_version.body_hash=5f33711abe4bfb96146ce63e4e33b36e5e2e0007e48b879a0f91d7db8f6af0bb; after_version.snapshot_url=/api/v1/rules/law-001671/versions/173582-2015-07-31-acba192867bd20ed.json; after_version.body_hash=d812f34702824793890e286411129a1596261a101c07f16d9d53b6513df72895","조문: 제29조, 제48조, 제49조, 제101조, 제111조, 제163조, 제201조의2, 제361조의3 외 2개; 전후 시행일 2014-12-30 → 2015-07-31; 공식 비교 발췌 범위"
"30","2014-12-30","2014-12-30","165507","160763","8","OFFICIAL_OLD_NEW","법제처 공식 신구법 비교","YES","NO","AVAILABLE","evt-6d0148537d3bf2ee7321d28ed021cf7c514d754a5a0d266a3bba9938200e58e2","public/api/v1/changes/evt-6d0148537d3bf2ee7321d28ed021cf7c514d754a5a0d266a3bba9938200e58e2.json#/event; comparison_source=LAWGO_OLD_NEW; comparison_status=AVAILABLE; comparison_scope=OFFICIAL_COMPARISON_EXCERPT; official_old_new_available=true; comparison_evidence.request={""MST"": ""165507"", ""target"": ""oldAndNew"", ""type"": ""JSON""}; comparison_evidence.raw_sha256=56abf17fe1de20c10988bec526864ad0de9dc3928156ebaf644ce8020440c1c7; before_version.snapshot_url=/api/v1/rules/law-001671/versions/160763-2014-10-15-bf20df258f7d00e5.json; before_version.body_hash=a912270fed0d6868179a2fd423a401fc343397dd1ca48a52a495a0d35c969caa; after_version.snapshot_url=/api/v1/rules/law-001671/versions/165507-2014-12-30-ee8e3f9355f20682.json; after_version.body_hash=5f33711abe4bfb96146ce63e4e33b36e5e2e0007e48b879a0f91d7db8f6af0bb","조문: 제48조, 제49조, 제111조, 제194조의3, 제201조의2, 제361조의3, 제438조, 제487조; 전후 시행일 2014-10-15 → 2014-12-30; 공식 비교 발췌 범위"
"31","2014-10-15","2014-10-15","160763","153907","1","OFFICIAL_OLD_NEW","법제처 공식 신구법 비교","YES","NO","AVAILABLE","evt-041537952cd7476ba1aaae5d2111cf34fe5029bbb7316e8a319b3ed1ab894e03","public/api/v1/changes/evt-041537952cd7476ba1aaae5d2111cf34fe5029bbb7316e8a319b3ed1ab894e03.json#/event; comparison_source=LAWGO_OLD_NEW; comparison_status=AVAILABLE; comparison_scope=OFFICIAL_COMPARISON_EXCERPT; official_old_new_available=true; comparison_evidence.request={""MST"": ""160763"", ""target"": ""oldAndNew"", ""type"": ""JSON""}; comparison_evidence.raw_sha256=f0de571e927ebc85d1d51a4bb045f9b57a047fa5e6ab7091247968e4cc535658; before_version.snapshot_url=/api/v1/rules/law-001671/versions/153907-2014-05-14-c39091ef7041b8e5.json; before_version.body_hash=d6274f08d9064e3293e599f66a8734ef9a3dd5dec909947674dd7604a7bf6916; after_version.snapshot_url=/api/v1/rules/law-001671/versions/160763-2014-10-15-bf20df258f7d00e5.json; after_version.body_hash=a912270fed0d6868179a2fd423a401fc343397dd1ca48a52a495a0d35c969caa","조문: 제80조; 전후 시행일 2014-05-14 → 2014-10-15; 공식 비교 발췌 범위"
"32","2014-05-14","2014-05-14","153907","130857","2","STRUCTURED_SNAPSHOT_DIFF","공식 구조화 원문 자동 비교","NO","YES","AVAILABLE","evt-80a2797107b9ecf608fe1708cd8cea023f484d19a421477724f405145e69e0fe","public/api/v1/changes/evt-80a2797107b9ecf608fe1708cd8cea023f484d19a421477724f405145e69e0fe.json#/event; comparison_source=STRUCTURED_SNAPSHOT_DIFF; comparison_status=AVAILABLE; comparison_scope=FULL_STRUCTURED_BODY; official_old_new_available=false; fallback_reason=OFFICIAL_COMPARISON_PAIR_OR_TEXT_UNAVAILABLE; comparison_evidence=null; before_version.snapshot_url=/api/v1/rules/law-001671/versions/130857-2013-06-19-a4268107f5e35f04.json; before_version.body_hash=f2d51f5bd87d2ae524f9139ebc713f5ebe24f25893f283d0c89bd1400c37fb3f; after_version.snapshot_url=/api/v1/rules/law-001671/versions/153907-2014-05-14-c39091ef7041b8e5.json; after_version.body_hash=d6274f08d9064e3293e599f66a8734ef9a3dd5dec909947674dd7604a7bf6916","조문: 제361조의3, 제380조; 전후 시행일 2013-06-19 → 2014-05-14"
